,notacion_fen,mejor_jugada
0,2rr4/4kppp/4p3/p1N1n3/1P6/5P2/P1P3PP/3R1RK1 w - - 0 19,c3
1,1r1q1rk1/pb2bpp1/1pnp1n1p/2p1p3/P3P1P1/2NPBN1P/1PP2PB1/R2QR1K1 b - - 0 13,Nd4
2,6k1/4b1p1/p2pp2p/Pp2p3/4P3/1P3N1P/1P2RPPK/2r5 b - - 1 29,Kf7
3,2rq1rk1/1p3p1p/p2pb1p1/3Np1b1/4P3/1P2N3/1PP2PPP/R2Q1RK1 w - - 0 17,Kh1
4,r1br2k1/ppp1ppbp/4P1p1/4n3/6n1/2N2N2/PPP1BPPP/R1B2RK1 w - - 0 11,Nxe5
5,rnbqk2r/pp1p1ppp/4pn2/8/1b1NP3/2N5/PPP2PPP/R1BQKB1R w KQkq - 1 6,e5
6,r3k2r/4q1pp/p3pp2/1p2n3/3QN3/8/PPP3PP/2KR3R w kq - 0 18,Nd6+
7,r1bq1rk1/1p1n1pb1/4p1np/p3P1p1/P2PN3/1B6/1P3BPP/RN1Q1RK1 w - - 2 19,Nbc3
8,r1br2k1/pp2qppp/2n1p3/8/2PP2n1/P1N1B3/1PQ2PPP/3RKB1R w K - 3 14,Be2
9,r4k2/B1R1b1pp/4pp2/3q4/8/5Q2/PP3PKP/8 b - - 3 27,Qg5+
10,2r3k1/6pp/p3pp2/8/1r6/1N6/1PP1N1PP/R5K1 w - - 1 26,Nc3
11,6k1/p4pb1/6pp/5q2/N7/8/PP3PPP/3Q3K b - - 0 28,Qxf2
12,3qr2r/p2n1kbp/4pnp1/1Ppp4/2P2B2/2NB3P/P1Q2PP1/4RRK1 w - - 5 29,Bg5
13,5rk1/p3rppp/np1Np1q1/3bP3/1P6/P3P1B1/6PP/2RQ1RK1 w - - 4 21,Rf4
14,r3r1k1/3b1pp1/1p5p/p1nP2q1/8/Q1N5/PP2BPPP/3R1RK1 w - - 0 21,Bf3
15,bq2rbk1/5pp1/2np1n1p/4p3/BpP1P3/5N1P/1P3PP1/2BQRNK1 w - - 2 20,g4
16,r4rk1/1nq1b2p/3p1pp1/1bpPp2n/2N1P3/1P3N1P/1BB2PP1/R2QR1K1 w - - 0 21,Qd2
17,6nr/2k1bp1p/p7/1ppb3p/8/6P1/PPP2PP1/3RR1K1 w - - 0 23,Rxd5
18,r3r1k1/pp3pp1/2n2n1p/2N2b2/3p1B2/6P1/qP1Q1PBP/R4RK1 b - - 3 20,Qc4
19,r5k1/5pbp/2N1q1p1/4N2n/5Q2/4P1P1/5PKP/3R4 w - - 10 34,Qf3
20,r4r1k/pp1bbp2/4pp1p/q7/3P3P/2n2NR1/PP1QBPP1/1K1R4 w - - 0 18,bxc3
21,r2q1rk1/pb2b1p1/1p2p2p/n7/4PB2/P2B1N2/5PPP/R2Q1RK1 w - - 0 17,Bg3
22,r4rk1/3bbppp/p1Nppn2/8/4PP2/2N1B1Q1/1qP1B1PP/R2R3K b - - 0 16,Bxc6
23,rq2r1kb/1pp2p1p/n2pn1pB/pN1N4/2P1P3/P4P2/1P4PP/2QR1RK1 w - - 1 20,f4
24,1r1qrbk1/1b1n1ppp/pp1p1n2/2pP4/P3P3/N4NPP/1PQB1PB1/R3R1K1 w - - 1 20,Bc3
25,rn1q1rk1/4ppbp/3p1np1/1N1P4/2p1PP2/8/PPB3PP/R1BQK2R b KQ - 0 13,Qa5+
26,2r4r/3k1pp1/p3p3/np2P1B1/1RbP2P1/2P2P2/7P/4KB1R w K - 3 23,Bxc4
27,r4rk1/2p1bp1p/p7/1pq4p/6P1/1BP5/PP4QP/4RRK1 w - - 2 21,Kh1
28,r3r1k1/1pq1bpp1/p2p1nnp/2pPp3/2P1P2P/2N2NP1/PP3P2/R1BQR1K1 w - - 1 21,Nh2
29,2r5/Q2r3k/2pq1p2/P2p2p1/3Pp2p/1P2P3/2R2PPP/2R3K1 w - - 0 33,Qb6
30,7r/1kn1bppp/pp2p3/4P3/2Nr4/6P1/PP1BKP1P/2RR4 b - - 6 22,Nd5
31,4rrk1/1b2qppB/1Bpp3p/1p6/1P2PP2/2bQ4/2P3PP/4RRK1 b - - 1 25,Kxh7
32,5r2/p1r1k3/1p1Rpp2/PB2n1pp/4P3/1P2P3/1KP4P/3R4 b - - 0 29,bxa5
33,r1q2rk1/1b2bppp/p2p4/1p3QPP/4P3/2NPB3/PP6/R3K1R1 w Q - 1 19,h6
34,1rq2rk1/p3nnbp/2ppb1p1/4pp2/2P5/1QNP1NP1/PB2PPBP/1R3RK1 w - - 8 17,Qa3
35,r2qr1k1/pp1n1ppp/3p1n2/2bP4/4b1P1/P1N4P/1P2NPB1/R1BQ1RK1 w - - 1 15,Ng3
36,r1bqk2r/1p3pb1/p2p3p/2pPn1p1/P5P1/2N1P3/1P1NBPP1/R2QK2R b KQkq - 2 15,O-O
37,1nbqnrk1/5r1p/1p1p1ppb/1PpPpP2/2P1P3/2BN2P1/3NQRBP/R6K w - - 1 29,h4
38,r4rk1/pb3pp1/5q1p/1pn5/2B5/4PN2/PPQ2PPP/2KR3R w - - 0 16,Bd5
39,rn1q2k1/ppr3b1/3p1p2/2pPp1n1/2P1P1QN/2N4P/PP3P2/R3K2R w KQ - 1 21,Nf5
40,r3r1k1/pp3pbp/nq4p1/2pPpb2/2B2n2/2N1B3/PP1N1PPP/R1RQ2K1 b - - 9 18,g5
41,2kr1q1r/1bpn1ppp/pp3n2/3p1N2/3P4/PQN3P1/1P2PPBP/R3K2R w KQ - 6 15,O-O
42,2r1r1k1/1bpn1p2/pp2q1pp/4p1bn/PPN1P3/2P2P2/2QN1BPP/R3RBK1 w - - 3 20,Ne3
43,rnb1nrk1/1pq2pbp/p2p2p1/2pPP3/P4P2/2N2N2/1P2B1PP/R1BQ1RK1 w - - 1 14,e6
44,2r3k1/3r1ppp/1p2p3/pPn1P1P1/P2Bp3/R1P1R3/6PP/6K1 b - - 5 29,Rd5
45,r4rk1/ppq2pbp/4n1p1/2p1p2n/P3P3/2P1NNB1/1PQ2PPP/3RR1K1 w - - 0 20,Nd5
46,3b2k1/1b3p1p/p5p1/1p6/4p3/2P1N3/PP3PPP/3B2K1 b - - 0 29,Kg7
47,2r2rk1/pbq1bppp/4pn2/1p2N3/3PP3/P2BQ3/1B3PPP/R4RK1 w - - 0 18,f4
48,3r1rk1/ppn3q1/2n1b2p/2p2pp1/2P2P2/3PP3/P2QNNBP/2R1R2K b - - 0 22,Ne8
49,r2q1rk1/pp2Bppp/4b3/3pP3/2pP4/2n3P1/PP2P1BP/R2Q1RK1 w - - 0 14,bxc3
50,r1r2k2/pp3p1p/2p2bp1/2n1p3/2P1P3/3B1N2/PP3PPP/2KR3R b - - 1 15,a5
51,2rq1rk1/3nppbp/p1n3p1/1p1b4/3p1B2/3P1NP1/PPNQPPBP/R1R3K1 b - - 9 16,e5
52,rn1q1rk1/pb1p1ppp/1p3b2/2pP4/8/2N2NP1/PP1nPPBP/2RQ1RK1 w - - 0 12,Nxd2
53,rn1q1rk1/pbn1bppp/1pp5/3p1N2/8/2N3P1/PP2PPBP/R1BQ1RK1 w - - 0 12,e4
54,r1b2rk1/pp2pp1p/6p1/3P4/4P3/8/P2qBPPP/1R2K2R w K - 0 16,Kxd2
55,r2nkb1r/3q1pp1/4p2p/pp1bP1BQ/2pPN3/2P2B2/5PPP/R4RK1 w kq - 2 17,Rfe1
56,r4rk1/2pp1ppp/1p1nq3/3nP3/p7/2BQ1PP1/PP1N1K1P/R4R2 w - - 2 19,exd6
57,3r2k1/p5p1/1p2pp2/7p/2rPb3/P4PP1/1P1R2P1/3RN1K1 b - - 0 27,Bf5
58,2r1kb1r/5ppp/1Bbp4/1p2pPP1/1p6/1P6/PP1N1R1P/2R3K1 b k - 0 23,Kd7
59,6k1/pp2rpb1/2nN1n1p/2p3p1/2P1p1b1/1P2P1PN/PB1R1PBP/6K1 b - - 3 19,Ne8
60,1qrr1bk1/1b1n1ppp/pp1ppn2/8/1PPQP3/P1N1N1PP/1B3PB1/2R1R2K b - - 6 23,Nc5
61,2r2r2/pp2p1kp/3p2p1/3Qn3/1qP1Pp2/8/P3BPPP/1R3RK1 b - - 1 20,Qa3
62,r4rk1/pq3pbp/np2p1p1/2p3B1/Q2PP3/2P2N2/P4PPP/1R2R1K1 w - - 0 16,d5
63,2kr4/ppqnrpp1/2pbp2p/7P/3P4/5NP1/PPPBQP2/1K1RR3 w - - 7 19,c4
64,r5k1/pp3ppp/1bnr4/6q1/1P2Q3/P3P3/1B2BPPP/R4R1K b - - 0 19,Rd2
65,r2q1rk1/2n2pb1/3pbnpp/1Bp5/P3P3/2N2N2/1P1B1PPP/R2QR1K1 b - - 4 15,Nxb5
66,r1b1k2r/2q2pbp/p1nppp2/1p5B/4PPQ1/1NN5/PPP3PP/R3K2R b KQkq - 3 12,O-O
67,2k2b1r/p4p2/2n1pP2/1q1r4/Npp5/4B1P1/1P2QP1P/R4RK1 w - - 2 22,Rfc1
68,3qrrk1/3p1pb1/bpp1p2p/pN3np1/2PP1P2/P3PNP1/1P3QBP/R2R2K1 w - - 0 20,Nc3
69,1rbq1rk1/b4ppp/p1n5/1p6/2Np1N2/6P1/PP2PPBP/2RQ1RK1 w - - 0 17,Nd6
70,2k2b1r/p4p2/2n1pP2/1q1r4/Npp5/4B1P1/1P2QP1P/R4RK1 w - - 2 22,Rfc1
71,r3k2r/1p1nbp2/3np3/p5pp/P3P3/4NPP1/1PB4P/R1BR2K1 w kq - 2 23,b3
72,2r1rbk1/3R1pp1/1p5n/p2Bp3/P7/2B1Pp2/1P3P1P/2R3K1 w - - 4 33,Bxf3
73,2r2rk1/1pqbbppp/p1nppn2/8/P2NP1P1/2P4P/1P2NPB1/R1BQ1RK1 b - - 0 13,d5
74,rn3rk1/p3q1b1/2ppbpp1/4p2p/1PP1P1nB/2N5/P2NBPPP/R2QK2R w KQ - 1 14,O-O
75,3rr1k1/bp2qppp/p1n5/3p4/4n3/PP1BPN1P/1BQ2PP1/2R1RK2 b - - 5 24,Rd6
76,r4rk1/ppq1ppbp/6p1/2p1N3/3Pn3/2P1PPP1/PB2Q1KP/R4R2 b - - 0 16,Nd6
77,r1bqr1k1/p2n1pp1/4pb1p/1p1p4/3P2PP/2N1PN2/PP1Q1P2/2KR1B1R w - - 0 13,Bxb5
78,r3r1k1/1bqn1pbp/pp1p2p1/2pP3n/7Q/P1N2NP1/1P1BPPBP/R3R1K1 w - - 0 17,Rac1
79,4r1k1/2R2p1p/6p1/3bp3/8/1n3NPP/5PB1/6K1 b - - 1 35,e4
80,3r1k1r/p1n2pp1/1p5p/2pPb3/5R1P/P4N2/5PP1/6KR w - - 0 27,Nxe5
81,r1b2rk1/pp2qpbp/6p1/8/2N1PQ2/2P2B1P/PP4P1/R3K2R b KQ - 0 20,Be6
82,bqr1r1k1/3nbppp/pp1pp3/4n3/2PBP3/N1N2P2/PP2BQPP/2RR3K b - - 14 20,Ng6
83,1n1qr2k/2r2pp1/1ppb3p/p2p1B2/3P3P/4BPP1/PPQ2PK1/2R4R w - - 7 19,Qd2
84,rn4k1/p1r1qpp1/2b4p/2pp4/3N4/Q1P1P3/P3BPPP/1R3RK1 w - - 8 18,Nb3
85,r2q1rk1/pp1nbppp/2n1b3/3NP3/5B2/1N6/PPP1B1PP/R2Q1R1K b - - 0 14,Ndxe5
86,1r2q1k1/5pbp/p2pbnp1/4p3/2pnP3/2N1BP2/PP1QB1PP/R4RK1 b - - 5 20,d5
87,2q3k1/pb2rpp1/1p1p1n1p/1Q1p4/3P4/P2N2P1/1P2PPBP/4R1K1 w - - 0 21,Qb4
88,r5k1/1p1rbpp1/pn2bn1p/3p4/3N1B2/1PN2PP1/P3P1BP/2R2RK1 w - - 0 21,Be3
89,rnbqr1k1/pp3ppp/5n2/3p2P1/3P1b2/P1NB1P2/1P5P/R1BQ1R1K w - - 0 16,Bxf4
90,r1b1r1k1/pp1n1p1p/5Pp1/1BpP4/1q4P1/2N2P2/P7/R1Q2K1R b - - 6 20,Qd4
91,rq3rk1/3nbppp/pp1pp3/2p1N3/2PPb3/1P2P1P1/PB2QPBP/R2R2K1 b - - 1 14,Bxg2
92,rr3bk1/2pq1p1p/p2n2p1/1bBPp3/1P2P3/2N5/2BQ1PPP/R3R1K1 w - - 1 20,Qg5
93,r2r2k1/p4Rbp/Bp4p1/n2p2N1/4PPb1/8/P2B2PP/4K2R w - - 1 22,f5
94,1qrr2k1/1b3pb1/p3pnpp/1PnP4/3N4/1PN3PP/PB2RPB1/3QR1K1 b - - 0 25,Nxd5
95,r2qkb1r/n1pp1pp1/6bp/1p1p4/1P5P/P3P1P1/1B1N1P2/R2QKB1R w KQkq - 0 15,Bg2
96,rnbq1k1r/pp6/5p1p/1BPp2p1/8/4PNB1/P3KPPP/Q6R w - - 0 15,h4
97,2r1nrk1/ppq3pp/n2p4/3Ppb2/PPN1N3/RQ6/4BPPP/2R3K1 w - - 1 20,Ng3
98,r5k1/p2Rnpbp/1pn3p1/1Np5/4PB2/P4N2/1P3PPP/2K5 w - - 3 21,Bd6
99,r2q1rk1/pb2bppp/1pn1p3/2p5/3PP3/P1PB1N2/5PPP/R1BQ1RK1 w - - 1 13,Be3
100,r1b2rk1/ppp1q1bp/3p2p1/3Ppp2/1nP1Pn1P/1QN1BBP1/PP3P1N/R3K2R b KQ - 2 14,Nfd3+
101,r1b2rk1/pp3ppp/2n1pn2/2q5/2p5/N4NP1/PP1QPPBP/2R2RK1 w - - 2 12,Nxc4
102,2r2k1r/pb1q1ppp/1p3b2/2p5/8/P1P2B2/1BQ2PPP/R3R1K1 w - - 1 20,Rad1
103,2r1rbk1/1q1b1p1p/p2pp1p1/1p6/2n1P3/PNP2P1P/1PB2QP1/R1BR3K b - - 1 23,Bg7
104,5bk1/3n1p1p/3pp1p1/1Qn5/3N4/4B3/r4PPP/5K2 b - - 7 29,Ra1+
105,b3n1k1/p1q3pp/3np3/1P2Np2/Q3P3/5P2/1B2B1PP/6K1 w - - 0 26,Qb3
106,r1bqk2r/pp1n1pbp/3p2p1/1BpP4/Pn2PP2/2N2N2/1P4PP/R1BQK2R w KQkq - 3 11,O-O
107,1rbq1rk1/6bp/p2p2p1/1PpPnp1n/4PP2/N1N3PP/1P4BK/R1BQ1R2 b - - 0 18,axb5
108,3r1rk1/1pn2p1p/p2p2p1/P1pP4/1nN1P3/2N5/1P1R1PPP/R5K1 w - - 8 24,Re1
109,r3r1k1/pbp2p2/1p4p1/n3b1Bp/4PNqP/2PBQ3/P4PP1/3R1RK1 w - - 4 19,Be2
110,2rqkb1r/1b3ppp/ppn1p3/8/3PP3/P4N2/1BQ2PPP/3RKB1R w Kk - 0 13,Qd2
111,r2q1r1k/p5b1/3p3p/4pP1N/2bp4/7N/PP4PP/R2Q1RK1 b - - 1 20,Bxf1
112,rN6/5kpp/1R2pp2/p7/P4P2/2b1P3/5P1P/6K1 w - - 1 29,Rb7+
113,rnb1k2r/pp2bppp/3p1n2/q1pP4/2N5/2P2P2/PP4PP/R1BQKBNR b KQkq - 2 11,Qd8
114,r3k2r/p1qnbpp1/1pb1p2p/2p5/3PP3/P1PB1N2/2Q2PPP/R1BR2K1 w kq - 2 14,d5
115,2r1k3/pp1q1pp1/2n5/3pP3/1b1P3r/4BQ2/PP3K1P/3R1BR1 b - - 8 20,Rxh2+
116,8/5pp1/3bk3/1p5R/3P1PPP/prrN4/3KP3/R7 b - - 4 39,b4
117,3r1k2/1Br2ppp/2N1pn2/8/8/6P1/P1RbPP1P/1R4K1 w - - 3 23,Rbb2
118,q4rk1/prpn1ppp/1p3n2/2b5/P1N5/2N2QP1/1P2PP1P/R1B2RK1 w - - 2 15,Bf4
119,r3r1k1/1bq2pbp/p1Np1np1/1pnP4/3B4/2N3P1/P3PPBP/R2Q1RK1 w - - 6 16,a4
120,3qrbk1/1p1b1pp1/5n1p/3p4/1n1N4/r1N1B1P1/PQ1RPPBP/5RK1 b - - 1 19,Qa8
121,r2q1rk1/pbnB1pp1/1p6/2ppP1b1/5B1p/2N1P2Q/PP3PPP/3R1RK1 w - - 2 20,Bf5
122,r4rk1/1p1b1p1p/p5p1/4q3/2PpP3/3Bb1Q1/PP2N1PP/R4R1K b - - 3 23,Rae8
123,r1bq1rk1/pp3pb1/3p1n1p/1BpPp3/Pn2P1p1/2N3BP/1PPN1PP1/R2QR1K1 w - - 0 16,hxg4
124,3r2k1/p4pp1/bp5p/2r5/8/1N4P1/P2RPP1P/3R1K2 b - - 2 27,Rxd2
125,2r1rqk1/3n1bpp/3bpn2/2N2p2/1p1P4/3N1PP1/PB3Q1P/3RRBK1 w - - 0 26,Rc1
126,2r2rk1/pbq1bppp/1p6/n2p4/2P5/P2B1N2/1B2QPPP/3R1RK1 w - - 0 18,cxd5
127,2bqk2r/r3npb1/1pn1p1pp/p1p5/P2PP2P/1N1P1NP1/1P3PB1/R1BQR1K1 b k - 0 13,cxd4
128,rn1qr1k1/p4ppp/1p3n2/2pp4/3P4/P1PbPPN1/6PP/R1BQ1RK1 w - - 0 13,Qxd3
129,4r1k1/p1r2p1p/6p1/3p4/R3B1nP/1Pq3P1/2N1PP2/3Q1RK1 b - - 0 28,dxe4
130,6k1/5pp1/7p/1B6/8/6PP/rP3P2/6K1 b - - 0 36,Rxb2
131,1kb3r1/1pq3b1/p3pp2/4r3/3N4/1P1R1BPQ/P1P4P/1K1R4 b - - 2 33,f5
132,3rr1k1/pb3ppp/1ppq1b2/n2p4/3P1N2/1P2PNP1/P2Q1PBP/2RR2K1 w - - 0 19,Ne5
133,r5k1/pp3pp1/5b1p/q1rR4/1nB5/4PN2/PP1Q1PPP/1K5R w - - 0 17,Rxc5
134,4k2r/pb1nq2p/1p3bp1/2pp1pNP/3P1B2/P5P1/1P1QPPB1/4K2R w Kk - 2 21,dxc5
135,r4rk1/1p3ppp/1np5/p2p2Bb/Pb1P2PP/3BPP2/1P1NK3/R6R b - - 0 16,Bg6
136,6k1/1p4rp/p1p1p3/3Bq3/8/P3R2P/1P3PP1/6K1 w - - 0 34,Bxe6+
137,r2r1nk1/pp3bpp/2p2p2/8/n1PP4/PN1B2B1/5PPP/2R1R1K1 w - - 3 21,Bf1
138,3r1rk1/1b3ppp/p3p3/1pn5/4P1n1/P1N2NP1/1PB2P1P/R3R1K1 b - - 1 21,f5
139,4r1k1/1p2rppp/p1p1bn2/P7/4PB2/P4P2/4BKPP/1R1R4 w - - 6 23,Rb2
140,2rqr1nk/4b1p1/p3p2p/np1p1P2/8/P1N1B1PQ/1P2P1BP/3R1R1K b - - 3 20,Nc4
141,rq3k2/2n2ppp/1p1p4/2pPp3/2P1P3/1PN3P1/R4PKP/1Q6 w - - 5 30,Qa1
142,3bk2r/pq5p/2n1pp2/6p1/2N5/4B1P1/PP2PP1P/2R3K1 w k - 0 20,Nd6+
143,1r5k/Rp1rq1pp/4pp2/1Q1n4/3P1P2/4P3/5PBP/5RK1 w - - 0 25,f5
144,5k2/5p1p/N2P2p1/1p6/6b1/4n2P/2r3P1/4KBR1 b - - 2 25,Be6
145,2nq2k1/ppnbbrpp/4pp2/7P/1p1PPN2/1Q1BB1N1/P4PP1/5K1R w - - 4 25,e5
146,r3kb1r/pp3ppp/2ppb3/q7/2PQnNn1/1P4PB/PB2PP1P/R4KNR b kq - 7 14,Ngxf2
147,r4rk1/1b1nqp1p/1pp3p1/8/1P1Pp3/2QB4/3N1PPP/1R3RK1 w - - 0 20,Bxe4
148,br3bk1/5p2/1q3npp/1BnP4/3N4/7P/QB1N1PP1/4R1K1 b - - 0 26,Nxd5
149,r2qk2r/pbp1np2/1p1pp2p/3P4/2P4R/3BP1Q1/P2N1PP1/2R1K3 w kq - 0 18,Qg7
150,rnb1k2r/p1p5/1p1p2qp/3P4/2PPP1pP/3Q2B1/P4PP1/R4RK1 w kq - 1 21,Qc3
151,1rbrk3/p2p1ppp/1p2p3/2P5/1RPP4/6P1/P3KPBP/7R w - - 0 21,Rhb1
152,r1bq1rk1/p3bpp1/1pn1pn1p/8/2BP3B/2N2N2/PP3PPP/2RQR1K1 w - - 0 13,a3
153,r2qr1k1/5pp1/p2b1n1p/3P1b2/Np6/3n1BB1/PP1Q1PPP/1N1R1RK1 b - - 3 20,Rc8
154,1r1q2k1/p1p1rbp1/1p5p/n1Pp1p2/P2P4/2Q1P1P1/3N1P1P/1RR2BK1 w - - 0 21,Bd3
155,2r1rbk1/1bqn1p1p/ppnpp1p1/6P1/P3PP2/1NNR4/1PP2QBP/2B2R1K b - - 3 21,Nb4
156,1r2rnk1/2nqb1pp/p2p4/2pP1bPP/P1B1p3/1PN1N3/5P2/R1BQK1R1 w Q - 0 21,Bb2
157,3Q2k1/p1r2p1p/Bn2p1p1/3pP3/P2P4/1P6/2r2PKP/8 b - - 8 35,Kg7
158,r3kb1r/pq1npp2/3p3p/1PpP2p1/R3P2B/5N2/1P2QPPP/4K2R w Kkq - 0 16,Bg3
159,r3kb1r/p2n1p2/b1p1pP2/q5B1/1ppPN3/6P1/PP3P1P/R2QKB1R w KQkq - 2 14,Qf3
160,r1Nq1b1r/4kppp/p3p3/4n3/Q2p4/3B4/PP3PPP/R1B1K2R b KQ - 0 15,Kf6
161,r1b1k2r/4b1pp/p1pppn2/4P1B1/8/q1NQ4/P1P1B1PP/1R2K2R b Kkq - 0 14,dxe5
162,r4rk1/4ppbp/p1n3p1/8/8/N1Nn4/PP3PPP/1RB2RK1 b - - 3 19,Rab8
163,1r1r2k1/5p2/2B2npp/p1p1b3/P7/N3P1P1/1PR2PKP/R7 w - - 8 32,Bb5
164,r2q1rk1/pp1n1pp1/2p4p/5bb1/3P4/1BN2N1P/PP3PP1/R2QR1K1 w - - 7 17,d5
165,r1b1q1k1/pp1nbppp/2p5/8/2PQ4/P4N2/1PB2PPP/R1B3K1 w - - 1 16,Bg5
166,rnbq1rk1/pp3pbp/4pnp1/3pN3/3P4/2N3P1/PP2PPBP/R1BQK2R w KQ - 0 9,O-O
167,r5k1/1bpqbp1p/n2p1np1/1p1Pp1B1/4P3/1BP2NNP/1P1Q1PP1/R5K1 w - - 4 21,Bc2
168,rb1r2k1/3nqpp1/ppb1p2p/8/4N3/2Q1P3/PP3PPP/2RR1BK1 w - - 0 21,Qxc6
169,1qrrb1k1/4bppp/pp1ppn2/4n3/2PNP3/1P4P1/P2BQPBP/N1R1R1K1 b - - 0 20,Nfd7
170,4r1k1/pp3p1p/1nb1r1p1/q2p2B1/2pP4/P1P1PP2/R5PP/2Q1RNK1 w - - 9 21,h4
171,2r3k1/p4p1p/1n1p2p1/3qn3/P2N4/6P1/5P1P/B2QR1K1 b - - 2 28,Rc4
172,3q1rk1/p2bnppp/B1rnp3/8/8/1N1Q2P1/P3PP1P/R1B2RK1 w - - 9 21,Ba3
173,r4rk1/pp2bppp/2n2n2/q7/5B2/3BpQNP/PP3PP1/3R1RK1 w - - 0 16,fxe3
174,3qrbk1/1b1n1pp1/3p3p/1p1P4/2pNP3/P2n3P/3N1PP1/1BBQR1K1 w - - 1 21,Bxd3
175,r3rbk1/1b3pp1/3p1q1p/1pnP4/1npNP3/R4N1P/1P3PP1/1BBQR1K1 w - - 0 21,Nxb5
176,r2q2k1/3n1pp1/2p2bb1/pp5p/N2P1Q1P/PB3N2/1P3PP1/4R1K1 w - - 0 23,Nc3
177,r2qr1k1/p4bbp/2n2n2/2Np1pp1/3Pp3/B3P1P1/P2QNPBP/1R3RK1 b - - 5 18,Na5
178,r3k1r1/p2p3p/b2Pp1n1/5pp1/1pP2P2/3NK1P1/P6P/2R2B1R b q - 1 23,Rc8
179,1r2r1k1/1p2ppb1/p2p2pp/q1n2n2/2P1RP2/2N3P1/PP3PBP/2BRQ1K1 w - - 7 21,Nd5
180,r1q1kb1r/pp1np1p1/2p2npp/2Pp4/3P1BPP/1QN2P2/PP2P3/R3KB1R w KQkq - 0 13,e3
181,7k/p1q3p1/1pP2p1p/1P1rp3/P2r4/1Q4RP/5PP1/4R1K1 w - - 3 32,Qa3
182,rnbqkb1r/pp3ppp/3p1n2/4p3/8/2N2NP1/PP2PPBP/R1BQ1RK1 w kq - 1 8,Bg5
183,r2q1rk1/3n1ppp/4p3/p1Pp4/N7/P7/1P1Q1PPP/2R2RK1 w - - 0 18,Qd4
184,2rrn1k1/1b1qbppp/ppn1p3/2p5/2P2PP1/2NPP3/PB2Q1BP/R2RN1K1 w - - 1 17,g5
185,rn3rk1/pbq1bppp/4pn2/2pp4/2PP4/P2BPN2/3N1PPP/1RBQ1RK1 w - - 2 12,cxd5
186,r4rk1/pp1n1pb1/1qp3pp/4P3/2bPN2B/3n1N2/PP3QPP/RB2R1K1 w - - 9 19,Bxd3
187,r2q1rk1/pb2bppp/1pn1pn2/8/2BP4/P1NQ1N2/1P3PPP/R1B2RK1 w - - 2 12,Ba2
188,3rr2k/p4p1n/1p2p1p1/4P1q1/3P2N1/P4QR1/6PP/5RK1 w - - 2 30,h4
189,8/3bqp1k/1r4pp/2np4/2pN4/Q3P2P/P1B2PP1/R5K1 b - - 0 28,Qd6
190,2rq1rk1/pb2bppp/2n1p3/8/Pn1PN3/1Q3N2/1P3PPP/RBB1R1K1 b - - 2 18,Nxd4
191,5k2/5pp1/3b4/pp1P3p/3q1P2/P2b3P/1P1B2P1/3NQ2K b - - 5 31,Qxd5
192,6kb/1p1b4/3r4/pPpPqp2/2P1pRp1/P3P1Pp/2QKPB1P/1R6 b - - 15 41,Qe7
193,6k1/4pp1p/R2b2p1/P7/8/5B2/1r4P1/5K2 b - - 0 32,Ra2
194,rBbq3k/1p4rp/2p1pbn1/2Np1pp1/PRPP4/4P1PP/2Q2PB1/1R4K1 w - - 3 31,cxd5
195,r1bqr1k1/ppbn1pp1/2p2n1p/4p3/3PP3/P1N2N1P/BPQ2PP1/R1B2RK1 w - - 1 14,Be3
196,r4rk1/pp1b1pp1/5qnp/3p4/3P1P2/P1PB4/2Q1N1PP/R4RK1 w - - 0 16,f5
197,5rk1/4bpp1/p1Q2n1p/3p4/3Pb3/3NBBP1/q3PP1P/5RK1 b - - 3 22,a5
198,r1bq1rk1/3nb1pp/p2p4/1p1Ppp2/4N3/4B3/PP1NBPPP/R2Q1RK1 w - - 0 13,a4
199,3r1rk1/4bppp/p1n3q1/4p3/Pp2P3/2P5/1PN1QBPP/R4RK1 b - - 1 25,b3
200,r1b2rk1/1pqnppbp/5np1/p1P5/N1Q1P3/5N2/PP3PPP/R1B1KB1R b KQ - 1 12,Ne5
201,1rq3k1/1r1npp1p/b2p2p1/2pPb3/P7/1P4P1/R1Q1PPBP/1R1NB1K1 b - - 4 20,Bg7
202,rn1q1rk1/pp4bp/2ppbn2/4pp2/2P5/2NPB1PP/PP2NPB1/R2Q1RK1 b - - 1 11,Qe7
203,r1b1r1k1/pp3p2/5n1p/q2p2p1/3Qn3/P3P1B1/1P1NBPPP/2R1K2R w K - 8 17,f3
204,2r5/p6p/5kp1/P5R1/4P3/N1n2PP1/1r5P/R6K w - - 4 31,h4
205,1r2k3/2qb1p2/p3p1p1/2p1B1P1/P3P1R1/5P2/1P2QKBr/1R6 b - - 0 26,Qxe5
206,2r5/n2qbnpk/1p2p2p/3pPp2/3P1P2/pP1N1N1P/P1R1Q1PK/4B3 b - - 0 28,Nd8
207,5rk1/1p4pp/p1q1p1n1/P1p1Ppb1/1PNr4/2N2P2/2P1Q1PP/R3R1K1 w - - 3 26,g3
208,r1bqr1k1/1p3p1n/p1p3p1/3p4/1P1PPn1p/P1N2P1P/2BQ1RP1/R5K1 w - - 0 22,Qxf4
209,r5k1/pp2rppp/2ppqn2/5R2/2PQ4/2P1P1P1/P2P2BP/5RK1 w - - 3 21,Qh4
210,4rr1k/pn1q2bp/1p1p2p1/1PpNpb2/P1P1N2P/3P2P1/3Q1PB1/1R3RK1 w - - 1 25,Kh2
211,r5k1/p6p/3n2p1/bp1Pp3/4P1PP/6N1/P1R2BP1/6K1 b - - 3 25,Nc4
212,2r3k1/q4pp1/1p1np2p/4N3/n7/4PBP1/5P1P/1QR3K1 w - - 0 32,Rxc8+
213,1q1rn1k1/pb1nbpp1/1p2p2p/3pP3/3P4/PP3NP1/1B1N1P1P/1Qr1RBK1 w - - 0 19,Rxc1
214,r3r1k1/1b1nbpp1/p1pp1n1p/qp2p3/2PPP2B/P1N2N2/1P3PPP/2RQRBK1 w - - 4 14,c5
215,rn2qrk1/pb1p2pp/1p6/2pp1p1n/2P5/2BBPP1N/PP2Q1PP/2KR3R w - - 2 13,Rhg1
216,r2qkb1r/4nppp/p2pb3/1P1Np3/2B1n3/N3B3/PP3PPP/R2QK2R b KQkq - 4 17,Rc8
217,r2br1k1/p3qpp1/2p4p/2Np1bn1/3BP3/5PPP/PP4BK/2RQ1R2 b - - 0 21,dxe4
218,2kr3r/1bq2pp1/pp1ppn1p/2b1n3/2P1PB2/PNN2P2/1P1Q2PP/1K1R1B1R w - - 2 16,h4
219,r3rk2/1bq1b1pn/pp6/2n4N/2P5/1P5Q/PB3PPP/R2R2K1 w - - 0 20,Bxg7+
220,3r1rk1/1pqnbpp1/2p5/p2nP1p1/P2B1P2/6P1/NPQ1B2P/2RR2K1 w - - 1 28,Qe4
221,r5k1/2nn1rp1/4qp1p/p1p1pN2/2Q1P3/P5B1/1P3PPP/2RR2K1 w - - 4 23,Qe2
222,5n1k/1p1rq1p1/p1p1p2p/7Q/7P/1BP2RP1/PP3PK1/8 w - - 8 31,Qe5
223,2brr1k1/4bppp/p1B1pn2/q7/P4B2/2N5/1PP1Q1PP/R4R1K b - - 6 22,Rf8
224,3r1rk1/1q2bpnp/pp2p1p1/2B1P3/P7/2N2N2/1PP1Q1PP/4RR1K b - - 0 20,bxc5
225,r4rk1/pp2q1pp/2nbpn2/8/2P2P2/2N1BQ2/PP4PP/R3KB1R b KQ - 3 12,Bb4
226,1r1q1r1k/1p1b2bp/p1np4/3Np1p1/P1P2pn1/1P2P1P1/2NBQPBP/3R1RK1 w - - 0 18,h3
227,2kr4/2p2pbp/1pn3p1/8/pn2P3/1N3BPP/PP3P2/3R1RK1 b - - 1 20,axb3
228,r1b1r1k1/1p1n1pbp/2pp2p1/2n5/pqPNPP2/2N3PP/PPQ2BB1/3RR1K1 w - - 3 19,Bf1
229,r4rk1/ppnbp1q1/3p1bp1/2pPnp2/P1P5/1P1NP1P1/1B1Q1PB1/R2NK2R w KQ - 7 19,Nxe5
230,r3rbk1/p6p/1np2pp1/4p3/4P1b1/nPN2NP1/PB3PBP/R2R2K1 w - - 3 20,Rac1
231,r1b2rk1/1p3q1p/pBnp1pp1/3NpP2/2Pn2P1/Q7/PP5P/2KR1B1R w - - 0 21,Rg1
232,2rq1rk1/1p1bbpp1/p1n1pn1p/4N3/P1BP1B2/2N5/1P3PPP/2RQR1K1 w - - 4 15,Nxd7
233,3r1r1k/pbq2ppp/1p2pb2/n1p5/3PP3/P1PB1N2/1B2QPPP/3RR1K1 w - - 3 18,e5
234,3q1nk1/pp1rrppp/2p1bn2/8/3PPN2/2NB4/PP3QPP/4RR1K w - - 1 19,d5
235,2r2rk1/4bppp/p2pb3/q1n3P1/1p1BPQ2/8/PPP4P/1KNR1BR1 b - - 2 20,Rfe8
236,r4rk1/pp3pbp/nq3Bp1/2pR4/2Q1P3/5N2/PP2BPPP/2K4R b - - 0 14,Qxf6
237,1nb2rk1/1r2bppp/p3p3/q2p1PP1/3B3P/2N1Q3/PPP1B3/2KR3R b - - 0 20,Nc6
238,6k1/2p4p/1p1br1p1/p4R2/P3p3/1PB1P3/1P2KP2/7R b - - 0 30,gxf5
239,3rb3/ppr2pkp/6p1/2nBN3/4P3/8/P4PPP/1RR3K1 b - - 2 23,Rdc8
240,r1b1k2r/pp3pp1/2nbpq1p/8/2PP4/P4N2/1B3PPP/R2QKB1R w KQkq - 2 12,Bd3
241,2r1r1k1/pb3p1p/1pn1pqpB/8/3P2Q1/2PB3R/P4PP1/R5K1 w - - 6 19,Bg5
242,rnb2rk1/p3q1pp/1pp1p3/3p1p2/2PPnN2/5NP1/PPQ1PPBP/R4RK1 w - - 1 12,Ne5
243,r2qrnk1/1p3pbp/6p1/2Pp4/1P6/4B1PP/4NP2/1R1QR1K1 w - - 0 22,Qd3
244,r2q1rk1/pp3ppp/4bn2/n2p2B1/3N4/2P3P1/P3PPBP/1R1Q1RK1 w - - 3 13,Rb5
245,r3r1k1/pb3ppp/5nn1/q2p4/5P2/2NBB2P/PP3QP1/R2R2K1 w - - 6 19,Bf1
246,r1r3k1/4bp1p/pp1ppnp1/2n5/2PN4/1PN1PPP1/PB2K2P/2RR4 w - - 0 19,g4
247,1r3rk1/6bp/bq1p2p1/2n2p2/1p6/1P2Q1P1/P1R1NPBP/3RB1K1 w - - 0 22,Nf4
248,r5k1/1p3pbp/1qp3p1/p2p4/P2Nr3/2P1P2P/1P1Q1PP1/R2R2K1 b - - 0 18,Rae8
249,r2qr1k1/5pp1/2n3bp/p1Np4/1ppPP1P1/2P2PBP/P2Q4/3R1RK1 b - - 0 25,b3
250,r1bq1rk1/ppp2nb1/3p4/3P2p1/2P1P3/2N2BP1/PP1Q1P1B/R3K2R b KQ - 0 20,Ne5
251,r4rk1/pbqn1p2/1p4pp/2pp4/3P3B/P1Q1PP1N/1P4PP/R3K2R w KQ - 0 16,O-O
252,3rr3/pp3kbp/q3bpp1/2pp4/P3PQ2/2B2P2/1P3KPP/R2R1N2 w - - 0 24,exd5
253,r1nqnrk1/3b2bp/1p1p4/1P1Pp1p1/N1N1Pp2/B4P2/4B1PP/1R1Q1RK1 w - - 5 21,g4
254,3r2k1/p4rpp/1p4n1/1Ppq1p2/P1Q2P2/3P2P1/1B4KP/3RR3 w - - 1 29,Kf2
255,r3rbk1/pp3p1p/5np1/3p4/4n3/1NP1N3/PP3PPP/R1B1R1K1 w - - 2 18,Rd1
256,r1bqr1k1/ppp2ppp/2n5/3p4/2PPn3/2P2NP1/P3P1BP/R1BQ1RK1 w - - 1 12,Qc2
257,r2qr1k1/p4p1p/n5p1/1QpP1b2/4nB2/2PB1N2/P4PPP/3R1RK1 b - - 0 16,Nxc3
258,2rq1rk1/1b1nbppp/p2pp3/1pn5/3NPP2/P1NB3Q/1PP2BPP/4RR1K b - - 10 15,Bf6
259,3q2k1/1n2pp1p/pr1p2p1/2pP4/b1P5/P1QB2P1/3NPP1P/5RK1 w - - 1 25,f4
260,1rb3k1/2q2pbp/5np1/2nPr3/1ppB4/2N2QNP/1PB3P1/R4RK1 w - - 0 21,Bxe5
261,2r3k1/pp1Q1p2/1n1Pr1pp/2p5/8/P1P2PB1/3R1P1P/3R2K1 b - - 0 25,Nxd7
262,2r1n1k1/3b1pp1/p2p1qn1/1p1P3p/1Q2PP2/P2B2P1/3B1N1P/4R1K1 w - - 0 28,Be3
263,2r2rk1/p5bp/4b1p1/1P1n1p2/8/3B1P2/P2BN1PP/1R3RK1 b - - 1 22,Nb6
264,2rr2k1/4qpbp/Qpn1p1p1/8/3PP3/5P2/P3N1PP/1R1RB1K1 b - - 0 22,Nxd4
265,r1b1r1k1/1p3pp1/1q3n1p/pPnp4/5N2/P3PP2/3Q1BPP/R3KB1R w KQ - 1 19,Rd1
266,k2rr3/p2b1p1p/Bppqn1p1/3p4/3P4/1QR1P3/PP3PPP/1KR2N2 w - - 8 22,Nd2
267,r3r1k1/1pp1qppp/2n5/p2npb2/8/P1BPPN2/1PQ1BPPP/3R1RK1 b - - 0 13,a4
268,5r1k/p2r2bp/q5p1/2RNp3/4Q2P/6P1/P1R2PK1/8 w - - 1 29,Nc7
269,r3r1k1/3n1pnp/2pqb1p1/1p1p4/NP1P4/3BP2P/2Q1NPP1/1R3RK1 w - - 0 20,Nc5
270,2r2rk1/1p2ppbp/p2q2p1/3P4/2nBP3/5P2/P3N1PP/1R1Q1RK1 b - - 5 19,b5
271,r1b2rk1/4bppp/p1nqpn2/1p4B1/3P4/P1N2N2/BP3PPP/R2QR1K1 w - - 0 14,Bxf6
272,6k1/p3Rp1p/5np1/8/5P2/7P/2K2bP1/8 b - - 0 29,h5
273,3r2k1/1B2qp2/1p3bpp/pPp1r3/P1Pp4/4P3/2QN1PPP/2R2RK1 b - - 0 21,Qxb7
274,r3rnk1/1p3ppp/p2qbn2/3p4/3P1NP1/2NB1P2/PP1Q3P/1K1R3R w - - 0 18,Nce2
275,r1bq1rk1/1p4bp/p2p4/3P3n/4Pp2/2NB4/PP1Q1BPP/R3K2R b KQ - 1 18,Bg4
276,rn1qk2r/1p2bp1p/p4npB/3p1b2/3P4/2N2P2/PP1Q2PP/R3KBNR w KQkq - 0 12,g4
277,2r5/pp3bkp/n2p1qp1/1N1P4/4B1p1/8/PPRQPP1P/6K1 b - - 0 26,Rxc2
278,r7/pp2k1pp/n2n1p2/1N2p3/4P3/PB2KP2/1P4PP/2R5 w - - 1 20,Bd5
279,5rk1/p2r2pp/1p1n4/2np4/8/P1BBRP2/1P3KPP/3R4 w - - 18 31,Bb1
280,r4nr1/pb2qp1k/1p5p/2p1pPp1/Q1P5/2P2P2/P4BPP/3RRBK1 w - - 0 24,Bd3
281,rn2k2r/ppp2ppp/3bp3/P2nP3/5B2/2N4P/1P3PP1/R3KB1R w KQkq - 0 15,Nxd5
282,rqb1r1k1/1p3pn1/1Bpp1npb/7p/1PP1PP2/pNN3PP/P4QB1/3RR1K1 w - - 7 21,Bd4
283,r6r/ppp1k1pp/8/2b5/3pPB2/3n1N2/PP1N1PPP/1K1R3R w - - 6 15,Bg3
284,r4rk1/pp4pp/3pp3/8/1n6/2N2N2/PP3PPP/R4RK1 w - - 0 16,Rad1
285,4r1k1/p4ppp/1pN1pn2/2b5/2P5/2B4P/PP3PP1/3rR1K1 w - - 0 23,Rxd1
286,r1b1k2r/p4pbp/2p2n2/q1n1pp2/1p2P1P1/3BBQ2/PPP1N2P/R2N1RK1 w kq - 0 14,gxf5
287,r4rk1/pbpq1pbp/1pn1p1p1/6B1/2BPP3/Q1P5/P2N1PPP/3R1RK1 w - - 0 17,Rfe1
288,rn2k2r/2qb1pp1/p4n1p/2pPp3/2P1P3/2NB1N1P/5PP1/RQ2K2R w KQkq - 0 17,O-O
289,r2q1rk1/ppp2ppp/2n2b2/4p3/1P4b1/P1BP1NP1/4PPBP/R2Q1RK1 w - - 1 13,Nd2
290,n1b2qk1/pp3rbp/4pnp1/6B1/3P4/3B1N2/PP3PPP/R2QR1K1 w - - 0 16,Rc1
291,r1bq1rk1/ppp1npp1/1n2p2p/8/1b1PP3/2NBBN2/PP2QPPP/R4RK1 w - - 4 11,Rad1
292,1r2brk1/pp5p/2n1p2P/P2pP1p1/3P1pN1/2P5/3B1PP1/RR4K1 w - - 2 23,Nf6+
293,2r1k2r/pppbqpb1/1n1pp1pp/n3P3/3PNP2/2P5/PPBN2PP/R1BQ1RK1 w k - 6 14,Nf3
294,r1b1r1k1/ppqnbpp1/2p2n1p/3p4/3P3B/2NBP3/PPQ1NPPP/R4RK1 w - - 4 12,Bg3
295,r2q1rk1/pp2ppbp/4b1p1/n7/3PP3/3BBP2/P3N1PP/R2Q1RK1 w - - 3 14,d5
296,r1bqkb1r/pp1n1ppp/4p3/3p4/3PnB2/2N1PN2/PP3PPP/R2QKB1R w KQkq - 1 8,Bd3
297,r3kbnr/p4ppp/2p1p3/3P4/8/Q3Bb2/PP3P1P/R3K2R w KQkq - 0 19,Bc5
298,4r1k1/1p3ppp/p1n1r3/2Pp1q2/3P4/1P2B2P/3QRPP1/4R1K1 b - - 5 26,f6
299,r3k2r/pppq2b1/2np2pp/5b2/2P4P/2N1B3/PP1QBPP1/R3K2R w KQkq - 2 13,O-O
300,r2q2rk/2p3b1/3p3p/pQ1Ppp1n/2P5/R4PP1/4BB1P/1R5K b - - 0 28,f4
301,1r1rn3/1pn1kp1p/2bp2p1/p1p5/2P1N1P1/1PN5/P2RPPBP/3R2K1 w - - 1 26,a4
302,1qr1k2r/1b1n1pbp/pp1ppnp1/3N2B1/2PNP3/1P4P1/P3QPBP/R2R2K1 w k - 2 15,Bxf6
303,4r2k/3b2p1/p2n1p2/1p5p/3B3P/P1P1N1P1/2P1K3/6R1 b - - 8 43,Bf5
304,2rr1bk1/1bq2p2/ppn1p1p1/4P1P1/P2NpP1Q/1PP1B3/3R2B1/5R1K b - - 0 31,Ne7
305,3r1r2/1p1bnpk1/1np3p1/p5P1/P2PP2p/1P1B3P/3KN1N1/R6R w - - 1 26,Raf1
306,r1b2rk1/pp1p1pp1/4pQ1p/2n5/2P5/P7/1P2PPPP/R3KBNR b KQ - 0 11,gxf6
307,4q1k1/rbb1rpp1/p1p1n2p/P2p4/N2P4/3NP3/2Q2PPP/1RR2BK1 w - - 25 30,Nb6
308,r3kbr1/pp1n1p2/2p4p/3pP3/3P1P2/P1N5/1P2N1P1/R3K2R w KQq - 3 21,Kf2
309,1r1rnbk1/p1p1p2p/2p1b1p1/4Pp2/1q1P1P2/2NBB2P/PP3QP1/1RR3K1 w - - 2 20,b3
310,1rr5/3npp1k/bq1p1npP/3PP3/2p2P2/1P6/2NQ1NBP/1R2R2K b - - 0 28,cxb3
311,r4rk1/2q1Bpp1/p1bp3p/4pP2/4P1P1/2pR4/PPP1Q1BP/2KR4 b - - 0 19,cxb2+
312,8/8/p7/1b3kp1/1P3n2/4KR2/1P5P/8 b - - 5 52,Ke5
313,r2q1rk1/4ppbp/1nnpb1p1/p2N4/4PP2/1N4P1/1PP3BP/R1BQ1R1K b - - 1 16,a4
314,1rb3k1/pp2bppp/4p3/2q5/2N1B3/PQ4P1/1P2PP1P/2Rr2K1 w - - 0 19,Qxd1
315,r1bq1rk1/1pp3bp/3p4/2nPp1Pp/p1P1p3/2N2P2/PP2B1K1/R1BQ1N1R b - - 1 16,a3
316,5rk1/p1P2ppp/8/q7/3p4/Pp2P1P1/1BbN1PP1/2R1KB1R w K - 0 22,Bd3
317,3r2k1/2q1bppp/pp1n4/2p1B3/2P3n1/3R2P1/P1Q2PBP/R5K1 w - - 7 26,Bf4
318,4b3/4q1k1/4p3/Q2pP3/6P1/5PK1/8/8 b - - 4 54,Bg6
319,r4rk1/pp2qpbp/2n3p1/3Q4/3p1N2/1P2P1PP/P2B1PK1/2R1R3 b - - 2 23,Rad8
320,r1bk1b1r/pp2p1pp/2n2p2/1B6/1P2P3/5N2/1B3PPP/R3K2R w KQ - 0 12,e5
321,1r1rn1k1/1p2n1pp/p1b1pp2/2P5/PPNp1P2/3N1BP1/3KP2P/R6R w - - 0 22,Rhb1
322,4r3/1p2r1k1/p1pn1pq1/3p2p1/PP1P3p/3NP2P/2Q2PP1/2RR2K1 b - - 1 31,g4
323,3q1r2/pp1bppkp/3p1np1/8/3N2P1/2P1QP2/P1P5/2KR3R w - - 0 20,Rh2
324,r2qk2r/3bbpp1/p1npp3/1p5n/3NP3/P1N1B3/1PPQBP2/R3K1R1 w Qkq - 0 16,O-O-O
325,r1r2bk1/1q1n1ppp/pp2pn2/8/1PPN4/2B2NP1/P3QPKP/2R1R3 w - - 3 21,Kg1
326,rn2k2r/1p1b1p1p/p3pp2/qB6/3NP3/1QP5/P4PPP/R3K2R w KQkq - 0 13,Be2
327,1r1q1rk1/3bppbp/p1np1np1/1pp5/2P5/1PNPP1PP/PB1QNPB1/R4RK1 b - - 1 12,Nb4
328,r1bq1rk1/ppp1n1bp/3p1n2/2PPp1p1/1P2Pp2/2N2P2/P3BBPP/R2QNRK1 b - - 0 14,Ng6
329,3r2k1/pBr2ppp/np2pn2/1b2N3/1PN5/P5P1/4PP1P/R1R3K1 w - - 2 19,a4
330,r1b2rk1/pp3p2/5n1p/2np2p1/7B/2N1P3/PPB2PPP/R3K2R w KQ - 0 15,Bg3
331,1rbq1rk1/3nppbp/3p2p1/8/Np6/1P1QB1PP/P3PPB1/2R2RK1 b - - 1 16,Qa5
332,r4rk1/pb1n1ppp/2p1pb2/p6q/3PBB2/5N2/1PP1QPPP/R4RK1 w - - 0 15,Bd6
333,1kq4r/p3n1b1/Ppp2ppn/2p5/2N1P3/RQ3NP1/1P4KP/2Br4 w - - 0 24,Qxd1
334,r1bQ1rk1/ppp4p/2n2np1/4pp2/2P1P3/2N2N2/PP2BPPP/R4RK1 b - - 0 14,Rxd8
335,r1b1k2r/p4p2/2p2q1p/2Pp4/1b4p1/P1n1PNB1/1PQ2PPP/R3K2R w KQkq - 0 15,Be5
336,2b1r3/5pkp/2p3p1/1p2P3/3qP3/1Pp3PP/2Q2PB1/3R2K1 b - - 1 32,Qc5
337,r1b2r1k/q3b1pp/p1pp4/4p3/N1B1PBP1/1R6/P1PQ2P1/5R1K b - - 0 22,exf4
338,8/1pr2kp1/p4p2/4n2p/P2N2b1/1RP3P1/7P/4R1K1 w - - 5 31,Reb1
339,2b1rbk1/2p2p2/r2p1npp/pq6/1nNPP3/2R2P1P/1P4PN/1BBQR1K1 w - - 5 22,Be3
340,4R3/6p1/3k4/B2bp3/3p2P1/5PK1/1n6/8 w - - 10 51,Bb4+
341,2r3k1/5pp1/b1qpr2p/8/1P1QP3/N3RP1P/6P1/R5K1 w - - 1 29,Rb3
342,r2qrb1k/1b4p1/p2p1n1p/2pP1p2/pn2P3/1P2R2P/3N1PPN/1BBQR1K1 w - - 0 21,bxa4
343,r2q1rk1/p4pbp/1p4p1/2nNn3/3N4/3B1P2/PP3BPP/R2Q1RK1 b - - 0 18,Qxd5
344,bnrr2k1/p4p2/3qpbpp/P1Np4/1p1P3P/3QPNP1/1P3P2/R1R2BK1 w - - 1 22,Qb5
345,2rq1rk1/p1p1n1b1/1p1pbn1p/1P2ppp1/P1PP4/B1N1P1P1/3N1PBP/1R1Q1RK1 b - - 0 15,exd4
346,3q1rk1/pb1r1ppp/1p2pnn1/6B1/3P4/P1NB2Q1/1P3PPP/3R1RK1 w - - 12 18,d5
347,4q2k/1p2rnpp/2pr4/1P1p1p2/3Q4/3PPBP1/5P1P/1R3RK1 w - - 1 30,Bh5
348,1rb1k2r/3nppb1/p3q1p1/P3p1Bp/1pN1P2P/5P2/1PPQB1P1/R3K2R w KQk - 1 18,Qd5
349,r2q1rk1/1b1nbppp/p1n1p3/1p2P3/4NP1P/P2B1N2/1P4P1/R1BQK2R w KQ - 1 15,Be3
350,r1bq1rk1/ppp3b1/3p1nn1/2PPp1pp/P3Pp2/2NN1P1P/1P2BBP1/R2Q1RK1 b - - 0 16,Rf7
351,2r2b1r/2q2kpp/2b1pp2/p3p3/1P2P3/2NRBP2/1PP2QPP/3R2K1 b - - 0 20,axb4
352,7k/2nbbpnp/p2p2p1/P1pPp3/2P1P1P1/5NNP/2BBKP2/1r6 w - - 0 25,Bxb1
353,2r2r1k/pb1nq1pp/1p2p3/2pp1p2/1PPPn3/P2NP3/B3NPPP/2RQ1RK1 w - - 0 18,cxd5
354,r1b1nrk1/1pqn1pbp/2p3p1/p3p3/P1N1P3/2N1B2P/1PP1BPP1/R2Q1RK1 w - - 0 13,Qd2
355,1rb1rn1k/2q2pbp/pp1p1np1/2pPp3/P1P1P1P1/2NNB2P/1P1Q1PB1/R4RK1 w - - 3 19,b4
356,r2r3k/pb3pqp/1pp1pQp1/2P5/3P3P/5B2/PP3PP1/R2R2K1 w - - 1 25,Qf4
357,rn1qkbnr/pp3pp1/2p1p1bp/8/2BP4/6N1/PPP1NPPP/R1BQK2R w KQkq - 0 8,O-O
358,1rbqrbk1/2n2ppp/pn1p4/2pP2P1/p3PP2/2N5/1P1N2BP/R1BQ1R1K w - - 0 19,Nxa4
359,6k1/1p3pb1/p3p2p/P1p1n1p1/4P3/2P1NPB1/1P4PP/6K1 w - - 1 27,Bxe5
360,1r1qnrk1/pp1nppbp/3p2p1/2pP4/2P1PP2/2N1B2P/PP1NQ1P1/R4RK1 w - - 1 14,Nf3
361,4r2k/2R3pp/p6b/1p3r2/4p3/5NP1/PP3PKP/3R4 w - - 0 30,Ne1
362,r4r1k/pp4pp/8/5bq1/2QR4/6N1/PP3PPP/R5K1 w - - 3 22,Nxf5
363,1r3rk1/2bq2pp/p1p2pn1/2Pp1b2/N2P4/1P2B2P/P2N1PP1/R2QR1K1 w - - 6 21,Nb6
364,3r2k1/pp1rbpp1/4b2p/3p1q2/1P2nN2/P1NQP1BP/5PP1/2RR2K1 w - - 9 23,Nxe6
365,r1bq1rk1/p3b1pp/2p1pn2/1p6/3PN3/3B4/PP3PPP/R1BQ1RK1 w - - 0 15,Be3
366,rrq5/1pnn1k1p/p1p1pbp1/1PPp1p2/P2P1P2/B1N1PB2/2Q2P1P/RR3K2 w - - 9 21,Be2
367,r2q1rk1/2nbppbp/3p2p1/1NpP4/PnB1P3/2N1BP2/1P4PP/R2Q1RK1 w - - 7 15,Qd2
368,r1b1qr1k/pp4pp/1n1b1n2/2p1N3/8/1PNB4/PB2QPPP/3RR1K1 w - - 5 18,Nb5
369,2rqr1k1/1ppn1pp1/pb3n1p/4p3/PPB1N3/2PP1Q1P/5PP1/2BRR1K1 w - - 11 18,Ng3
370,rnq4r/p3bpk1/2p3p1/2Pp4/3P4/2PB2P1/PRQ2P1P/2B2RK1 w - - 3 21,f4
371,3r1r1k/pp1b1qbp/3p1n2/1pP1np2/P4N2/3P2P1/1B1QN1BP/4RR1K w - - 0 22,cxd6
372,rq2k1nr/1ppbb1pp/2np4/p3pp2/1PP5/P1NP2P1/4PPBP/1RBQK1NR w Kkq - 1 9,b5
373,1r1qbr2/1pn1ppbk/p4npp/2pPN3/P1P5/2N2B1P/1P1Q1PPB/3RR1K1 w - - 5 20,Nd3
374,5rk1/1p3ppp/p1n2b2/4p3/8/2N1N1P1/PP2PPKP/3R4 w - - 2 18,Rd7
375,r2qkbnr/ppp3pp/2np1p2/1B2p2b/3PP3/2P2N1P/PP3PP1/RNBQK2R w KQkq - 1 7,Nbd2
376,2kr2r1/pq1n3p/1p2pp2/1Ppb4/4BP2/2P5/P2NQ1PP/R4RK1 w - - 1 20,c4
377,3rk2r/ppq1bpp1/1np1p1bp/4P3/1PP2PP1/7P/PN1BQ1B1/R4RK1 w k - 0 19,f5
378,r3r1k1/2p2pp1/2p4p/p3n3/R3P3/2P1BP2/P1P2KPP/1R6 w - - 0 21,Rb7
379,r1b4r/1p1pkn1p/1ppN1pp1/4P3/PP3P2/3B4/2PK2PP/R6R w - - 1 18,Nc4
380,r1b1r1k1/1pq3bp/n2p2p1/2pP4/1PPppN2/P5P1/2Q2PBP/1R1RN1K1 w - - 0 23,Bxe4
381,r2r2k1/pp3p1p/n1ppb1p1/6P1/2P1P3/2N1RP2/PP4P1/R4BK1 w - - 1 18,Rd1
382,r3r2k/1pp3bq/2n4p/p4p1N/3P2p1/PP6/1BQ2PP1/3R1K1R w - - 3 29,d5
383,4r1k1/ppqnbr1p/2ppbnp1/4p3/4PP2/1P1N2P1/PBPN2BP/R2Q1R1K w - - 1 15,c4
384,r1bqk2r/ppp2ppp/2n1p3/3nP3/1bBP4/2N2N2/PP3PPP/R1BQK2R w KQkq - 1 8,Bd2
385,r1b2rk1/1p2qpbp/p2p1np1/1NnPp3/4P3/8/PPQNBPPP/R1BR2K1 w - - 0 14,Nc3
386,r1bqk2r/pp3pbp/2n1p1pn/3pP3/3P2P1/1QN2N1P/PP3P2/R1B1KB1R w KQkq - 1 11,Bb5
387,1r3rk1/5ppp/p3p3/8/2BP4/1P2P3/P2K1PbP/R6R w - - 0 21,Rhg1
388,rnb1qrk1/ppp1b1pp/3pp3/6N1/3Pn2P/3B4/PPP1QPP1/R1B1K2R w KQ - 0 10,Qxe4
389,r1b1r1k1/p1p1bpq1/1p2p1pp/4n3/2PP1P2/2PB4/P3Q1PP/R1B2RK1 w - - 0 16,fxe5
390,4r1k1/p4rp1/1p1p1pn1/2pP2qp/1PP1Pp2/P1NBQ1Pb/4KR1P/4R3 w - - 0 25,gxf4
391,r1b1rnk1/1pbn1pp1/p1p2q1p/2P5/N1BpP3/1R3N1P/P2B1PP1/3QR1K1 w - - 6 19,Bc1
392,2r3k1/p4ppp/bq2pn2/4N3/1P5Q/6P1/4PPBP/5RK1 b - - 3 21,Bxe2
393,r4rk1/pp2ppbp/2n5/3pPp1P/3P4/2P5/P2BNPP1/R3K2R w KQ - 0 16,h6
394,r1b1k2r/1p1q2pp/pBnp1p2/4pn2/2P2P2/Q1N5/PP4PP/R3KB1R w KQkq - 0 17,Bd3
395,r3k2r/1pq2ppp/p1bp1n2/2n1pPB1/2P1P3/P1P2Q2/2BN2PP/R2R2K1 b kq - 12 20,O-O-O
396,2kr3r/3qp2p/p1bp1b2/Pp3p2/1B3P2/3P1N1P/2P2QP1/4RRK1 b - - 0 22,Rhg8
397,r1bq1rnk/1pp3bp/3p1np1/2PPpp2/1P2P3/2N2P2/2QNB1PP/1RB2RK1 b - - 0 16,Nh5
398,r4r1k/2qb1ppp/p1nppn2/6Q1/Pp1NP3/1B4N1/1PP2PPP/R3R1K1 w - - 3 18,Nxc6
399,7k/2q5/1N1p1n2/1Q1Pp1p1/1P2n3/5RP1/6KP/8 b - - 0 38,Qc2+
400,r3r1k1/2pn1ppp/p2b2b1/8/8/P1N1BN2/1P3PPP/3RR1K1 w - - 2 23,Nd5
401,r2q1rk1/pp2ppbp/2n2np1/3P1b2/3P4/2N2N1P/PP2BPP1/R1BQ1RK1 b - - 0 10,Nxd5
402,r3r1k1/1p1bqpb1/2pp1np1/pP6/P1PNn2p/2N1P1P1/1BQ2PBP/2RR2K1 b - - 0 18,hxg3
403,4r1k1/p2qnp2/5b1p/3p2p1/2pP3P/2P3P1/P2N1P2/1R1Q1BK1 w - - 0 23,hxg5
404,r1bq1rk1/1pp3b1/2Pp3n/3Ppp2/1P2P1Pp/2Q5/3NBPPB/1R2K2R b K - 0 23,fxg4
405,r1b1k2r/1pq2ppp/4pn2/1pb1p3/3N4/2N1B2P/PPP3P1/R2Q1R1K w kq - 0 15,Ndxb5
406,2rqr1k1/pb1n1pbp/1p2p1p1/3p4/PPBP4/B3PN2/4QPPP/1R3RK1 w - - 0 16,Bb5
407,2krr3/ppq2ppp/2p1p1b1/8/P1BPn3/B1P5/1Q3PPP/R3R1K1 w - - 4 17,f3
408,3r4/2p2qkp/1p1rppp1/8/5P2/1PQ5/P2N3P/R3K2R w KQ - 5 22,O-O-O
409,r4rk1/1p2q1bp/4bpp1/1QP1p3/4P3/4BN1P/5PP1/3RR1K1 b - - 0 23,Rfd8
410,r1r1n1k1/pp1b1ppp/3p1b2/q1nP4/4PB2/2N3N1/PP2B1PP/R2Q1R1K w - - 1 19,Bg4
411,4r2r/1p3kpp/pn2p3/2b1P3/2pN1PB1/6P1/PP5P/2KR3R w - - 0 21,h4
412,2rr2k1/p3nppp/1p1q1b2/1B1p1b2/QN1Pn3/P3BN1P/1P3PP1/2R2RK1 b - - 7 19,a5
413,6k1/r2nqp1p/p5p1/1rpBp3/8/2Q5/PPR2PPP/5RK1 b - - 7 23,Rb4
414,2r2rk1/1bqnbppp/p2ppn2/1p6/3NPP2/P1N1BBQ1/1PP3PP/4RRK1 b - - 4 14,Ba8
415,3rr1k1/p1q2pp1/4bb1p/1ppn4/8/2P1N1P1/PPQ2P1P/R1B1RBK1 b - - 1 20,c4
416,1rb2k2/2nprppp/2p5/p1P1pP2/4P3/1PN3P1/P5BP/R2R2K1 w - - 0 20,Kf2
417,r2q1rk1/pb1nbpp1/1p2pn1p/8/2pP4/2NB1NB1/PPQ2PPP/3R1RK1 w - - 0 14,Bxc4
418,r1bq1rk1/pp1n1ppp/2pbpn2/3p4/2PP4/2N1PN2/PPQ1BPPP/R1B2RK1 b - - 6 8,Re8
419,r3k2r/pp1b1pbp/6p1/2p5/8/1NP1PPP1/P5BP/R2R2K1 b kq - 0 19,b6
420,7r/p1p1kpp1/bpp4p/4P3/4NP2/2N1n2P/PPP3P1/3R2K1 w - - 1 18,Rc1
421,r4rk1/pb1n2pp/1p1ppq2/2p2pn1/2PPP3/B1PB1P2/P2NQ1PP/4RRK1 w - - 2 15,exf5
422,3rrnk1/pbq3pp/1pp1pp2/2P4P/3P3Q/5N2/PPB2PP1/3RR1K1 w - - 1 25,b4
423,2rq3r/p3p1k1/1p4p1/2nPPp1p/3Q1P2/5B1P/P5P1/2RR2K1 w - - 1 24,Kh2
424,3r2k1/1b2qpp1/pp2pn1p/2b1N3/2P3PP/2B2P2/PP2Q1B1/2KR4 w - - 1 21,Rxd8+
425,5r2/ppr2ppk/2nN3p/4PP2/8/8/PP4PP/1K1R3R w - - 1 26,Rhe1
426,1qr1nk2/3bnrb1/3p1p2/p2Pp1p1/Pp2P1P1/3BBPN1/1P2N2Q/R3K2R w Q - 2 25,Nf5
427,r4rk1/ppnqbppp/4p3/1PPp4/P2P1B2/3B1Q1P/5PP1/R3R1K1 w - - 1 19,Rab1
428,2rr2k1/5ppp/p2ppn2/2q5/PpPRP3/1P3PN1/5QPP/R5K1 w - - 4 22,Rad1
429,r2r2k1/pbq1bppp/4pn2/8/Pp6/1B2PN2/1P1BQPPP/R2R2K1 w - - 1 17,Be1
430,r1bq1rk1/p5pp/1p2pb2/2ppB3/8/2PBP3/PP3PPP/R2Q1RK1 w - - 1 15,Qh5
431,8/p1nkbp2/1pn1p1p1/3pP3/3P1PP1/P2K4/1PNN1B2/8 w - - 1 39,Nf3
432,r2qr1k1/p4pbp/2p1b1pn/3p2B1/4P3/1NN5/PP3PPP/R2QR1K1 w - - 2 14,Nd4
433,4rr1k/p1qb3p/2p2pn1/Pp3pp1/3P4/2PNP3/BQ3PPP/R3R1K1 w - - 2 20,Qb4
434,2rqrbk1/pp4p1/2n1pn1p/3p4/5P2/2N3PP/PP2PBB1/2RQ1RK1 w - - 3 17,a3
435,r7/1pr3pp/5k2/2PB4/1P6/3RP3/2K3PP/8 w - - 3 32,Kb3
436,1r4k1/3nbppp/3p4/1rpPp3/4P3/1P3P2/P2B2PP/RR1N2K1 w - - 4 23,Kf1
437,r1bq1rk1/1p3ppp/p1n2n2/3p4/2pP4/P1P1PP2/2B1N1PP/R1BQK2R w KQ - 0 12,O-O
438,1rbq1rk1/3nn1bp/3p4/p2Ppp1P/Np2P3/1P1BBPN1/P2Q4/R3K2R w KQ - 0 19,h6
439,r1b2rk1/1pp1qppp/2np1n2/p3p1B1/2PP4/P1QBP3/1P2NPPP/R3K2R w KQ - 2 11,f3
440,1kb3r1/p1p2p1p/BpPr4/3p4/3R4/6P1/PP3PP1/2R3K1 w - - 5 25,Bd3
441,3r1rk1/1p1n1pbp/p1npb1p1/N7/4P3/P2BN3/1PPB2PP/4RRK1 b - - 1 19,Nxa5
442,r1b2rk1/1p3ppp/p1n1p3/qNbp4/2P1nB2/P3PN2/1PQ2PPP/2KR1B1R w - - 0 12,Nc7
443,r3r1k1/5pbp/p1pR2p1/4Pb2/NpP2P2/8/PP3nPP/K1N2BR1 b - - 1 20,f6
444,rn1q1rk1/pp3ppp/2p1pn2/5b2/PbBP4/2N1PN2/1P3PPP/R1BQ1RK1 w - - 3 9,Qe2
445,r1b1r1k1/2p2ppp/2p5/2n1P3/pbP5/1P3N2/PBB3PP/2KR3R w - - 0 21,Nd4
446,r1bqk2r/pp1n1ppp/2pb4/6P1/2pNP1n1/2N4P/PPQ2P2/R1B1KB1R b KQkq - 0 11,Nge5
447,5q2/pb1r2k1/3p2p1/2p1pr1p/2P5/1P1RQP2/P3N1PP/3R2K1 w - - 2 27,Nc3
448,r1bq1rk1/2p3bp/p2p2p1/1pnPpp1n/1PP1P3/2N1BP2/P1BQN1PP/2KR3R b - - 0 13,Nd7
449,3kb2r/ppq2pp1/1n1bp2p/7R/8/1B1N1NP1/PPPQ1PP1/2K5 w - - 4 21,g4
450,3r2k1/pp1b1p1p/5np1/3p4/3N1b2/5P2/PPR3P1/3KRB2 b - - 5 30,a6
451,r4rk1/1ppn1p2/1pbp2nQ/5P2/2P1P1q1/2N2R2/PP4PP/R5K1 w - - 2 24,Rh3
452,r3kb1r/pb1p1pp1/1qp1p3/4P1Pp/2P1NP2/3QB3/PPn3BP/R3K2R w KQkq - 3 16,Kf2
453,2r1r1k1/5p1p/1p4p1/1B2n3/p5P1/6P1/P4PK1/2R2R2 b - - 1 30,Rxc1
454,r5k1/1p3rbp/2n3p1/3qp1B1/p2p3P/3P1PP1/PP1Q2K1/R4RN1 b - - 1 23,a3
455,r7/1p4bk/pQ6/3P1Nq1/P3Pp1p/3r4/1P2R1P1/R5K1 b - - 1 31,Rg8
456,r3rn2/ppq1bpkp/2p2n2/5Q2/2P5/2B1PN2/PP4PP/2KR3R w - - 2 19,h4
457,1r4k1/3bqp1p/p2p1npQ/n1pPp2P/1rp1P3/2N2P2/PP1RB1P1/2K2N1R w - c6 0 19,Bd1
458,r5k1/1p2ppbp/6p1/3R4/2n1PB2/1p4P1/P4PBP/6K1 w - - 0 23,axb3
459,r4rk1/pb1n2pp/1p1pp3/2p2pq1/1PPP4/P3P3/1B1QBPPP/R4RK1 w - - 3 17,f3
460,1r2r3/p2qppkp/1p1p2p1/2nP4/5P2/1P4P1/P2Q1PBP/3RR1K1 w - - 0 20,b4
461,1rbq1rk1/5pbp/3p2p1/p2P4/Np2P1P1/1B2QP2/PP5P/2KR3R b - - 2 21,Bd7
462,r1b2r2/pp2npkp/2n1p1p1/1Bq5/2P5/5N2/P2P1PPP/RN1QR1K1 w - - 0 13,d4
463,2r1r3/1b4kp/1p2pqp1/p1np4/P4P2/2P1QN2/1P2P1BP/R4RK1 b - - 1 22,Qe7
464,r2q1r2/3n1pkp/1p1p2pN/p1nPp3/2P1P2P/P3QPP1/8/1R1R1NK1 w - - 1 29,Rb2
465,3rr1k1/4npp1/2bpq1np/1pp1p3/1P2P2P/2PPNNP1/2B2P2/1R2RQK1 w - - 2 26,Nd2
466,r1bq1bk1/p1p3rp/1p1P1nn1/PP1Pp1p1/2N1Pp2/B1N2P2/4B1PP/1R1Q1RK1 b - - 0 19,cxd6
467,2q2r1k/Q2n2p1/2p1p2p/8/3PB3/4P3/P5PP/1R4K1 w - - 1 33,Qb7
468,r2q1rk1/1p3pbp/p1n1pnp1/5P2/P3p2Q/2NBB2R/1PP3PP/5RK1 b - - 1 17,exf5
469,r4r1k/pppqb1pp/2n5/4Ppn1/2BP1N2/5Q1P/PP3PP1/2BR1RK1 w - - 1 19,Qh5
470,5rk1/6bp/1qrpb1p1/2n1p3/1p2PP2/pP2Q1P1/P4NBP/B2RR2K b - - 2 27,Nd7
471,r1bqr1k1/5pbp/p2p1np1/3Pp3/n3P3/4BN2/1PQ1BPPP/3R1RK1 w - - 0 16,Qxa4
472,r2q1rk1/1p2ppb1/4b1pp/p1pn4/3n4/P1NP1NPP/1P1BPPB1/1R1Q1RK1 w - - 2 14,e4
473,r2q1rk1/pp3ppp/1bn1bn2/1N6/Q2p4/3N2P1/PP2PPBP/R1B2RK1 b - - 3 13,Bd5
474,r3k2r/1bqnbppp/p3p3/1p1nP3/4N3/3B1N2/PPP1Q1PP/R1B2R1K b kq - 2 14,O-O
475,1n1q1rk1/r1p2ppp/p3p3/1p1b4/1b1P1B2/3Q1NP1/PP2PPBP/2R2K1R w - - 4 14,Ng5
476,4r1k1/1pqr1pbp/n1ppbnp1/p7/2P1PP2/PPN2NPP/3Q1BB1/3RR1K1 w - - 5 21,Nd4
477,3r4/p1pr1kbp/1pnnp1p1/4p3/PPN1P3/2P1BP2/4KNPP/3R3R w - - 3 19,Na3
478,3r2k1/4rpp1/1p3n1p/p1pP4/B1P1pq2/P3R2P/1P2QPP1/4R1K1 w - - 5 27,Qc2
479,1k1r2nr/pp1nbpp1/2pp2b1/q3p1P1/3PP2p/2NBB2P/PPPNQP2/1K1R3R w - - 2 15,d5
480,2r1k2r/3n1p2/1q2p1p1/pp1pP2p/5Q1P/3N1PP1/PPP5/1K1RR3 b k - 0 22,Rc4
481,1rn1r1k1/p2q1bb1/Pp1p4/1PpNpp1n/2P3p1/3PP1P1/1B1N2BP/3QRRK1 w - - 0 24,Rf2
482,1r5r/3q2k1/3p1bn1/2pPp1p1/1p2BpP1/1P1P3P/R6R/Q3B1K1 b - - 4 32,Nh4
483,r1bq1r1k/1ppnn1bp/3p2p1/3Pp3/1PP1Pp2/1NN2P2/4B1PP/1RBQ1RK1 b - - 0 15,g5
484,r1bq1rk1/1p1nnpp1/3N3p/2p1p3/p1P5/P2P4/B1P2PPP/R1BQR1K1 w - - 2 17,c3
485,3rr1k1/p4ppn/2b1qn1p/2p5/4p2B/P1N2P1P/1PB2QP1/3RR1K1 w - - 0 27,Rxd8
486,4r1k1/1p2Ppp1/6p1/p1pB4/Pb6/1Q3R1P/1P3PP1/2q3K1 w - - 3 33,Kh2
487,r1bq1rk1/3n1pbp/2pQ2p1/1p2n3/4PP2/1PN1B3/P3N1PP/3RKB1R b K - 0 14,b4
488,rn2nrk1/2qbbppp/p2pp2B/1p6/3NP3/1BN3Q1/PPP2PPP/3R1RK1 w - - 10 13,Nf3
489,r3kb1r/1p3pp1/p6p/3pPP2/2q1n3/P1N2Q2/1PP2B1P/R3K1R1 w Qkq - 0 18,Rg4
490,3r1rk1/1b3pp1/1p2pn1p/p1q5/2P2B2/1P6/P1B1QPPP/3R1RK1 w - - 0 20,Qe3
491,4r1k1/p4pp1/2p5/5n1p/2NP1P2/2P5/PP3KPP/R7 w - - 0 25,Re1
492,r1bqr1k1/4bpp1/p2p1n1p/np6/3pP3/5N2/PPB2PPP/R1BQRNK1 w - - 0 15,Nxd4
493,r2q1rk1/1ppbnpbp/p2p1np1/6B1/B2PP3/2N2N2/PP3PPP/R2QR1K1 w - - 5 12,Bc2
494,r1bqrnk1/4bppp/2p5/pp4B1/3PP1n1/2NB4/PPQ1N1PP/R4R1K w - - 1 15,Bd2
495,6k1/ppq2pb1/2p1n1pB/4p3/P3n3/5N1P/1PP1QPP1/3N2K1 b - - 0 20,Bxh6
496,1n1r2k1/R4ppp/8/8/1p1rP3/5P2/3NK1PP/2R5 w - - 1 25,Nf1
497,r1bq1rk1/ppppbppp/2n2n2/4p3/2B1P3/3P1N2/PPP2PPP/RNBQ1RK1 w - - 3 6,Re1
498,4r1k1/5pp1/p3qn1p/1p1pr3/1P5R/2P1N1P1/1PQ2P1P/3R2K1 w - - 12 32,Qd3
499,1rq1b1k1/2p2ppp/p2p1b2/P2P4/1pBp4/3P4/1PPB1PPP/R2Q2K1 w - - 0 20,Qe2
500,1r3r1k/2q1bppp/p2ppn2/4n3/Bp2PN2/2P1BPQ1/PP4PP/3RR2K b - - 0 20,bxc3
501,2b2k2/2p2pp1/3p1r1p/1p2B3/1P2P1q1/1NP2nP1/R7/1B1QR2K w - - 0 30,Rh2
502,r2q1rk1/1b1nbppp/pp2p3/3pP3/P2P4/3B1N2/1P3PPP/R1BQ1RK1 w - - 0 14,Bd2
503,3rr1k1/pbb2qp1/1pn4p/2pnpp2/P1N4N/2PP1BP1/1P2QP1P/2BRR1K1 b - - 3 19,Rf8
504,4kb1r/1prb1p2/pNnppp2/7p/5P2/qNPB4/P2Q2PP/4RR1K b k - 7 20,Ne7
505,3q1rk1/1bp2p1p/2npnbp1/1p2p3/1P2P3/2PPNN2/2B2PPP/2BQR1K1 w - - 0 18,Bb3
506,r1r3k1/p7/7P/p4p2/2pR4/4P3/P1K2nP1/R4B2 w - - 0 26,Bxc4+
507,2rq2k1/1b2rpnp/ppp1n1p1/3p4/1P1PP3/P1N2P2/3QN1PP/1B1R1RK1 w - - 1 20,Ba2
508,r1bq1rk1/3n2pp/p3pp2/3pP3/Np1Q1P1P/7R/PPP3P1/2KR1B2 w - - 0 16,Qxb4
509,r3nrk1/1b1p2b1/pp1Qp1Pp/2p1p3/P1B5/2P2N2/1P1N1PP1/R3R1K1 b - - 0 20,Nxd6
510,r2q1rk1/pp2bppp/2p2n2/n2P3b/8/2NB1N1P/PP3PP1/R1BQR1K1 w - - 1 15,Re5
511,4r1k1/pp2ppqp/3p2p1/2rNn3/2P1P3/1P2Q1P1/P4PKP/3RR3 w - - 3 23,f4
512,rrn3k1/3nppbp/1q1p2p1/2pP4/P3PP2/RP6/3NQNPP/2B2RK1 b - - 2 24,Qa6
513,2k4r/1p1r2pp/p2n1p2/2b1pN2/4P3/1PP5/1P2K1PP/R1B2R2 w - - 2 24,Nxd6+
514,r4k1r/p3np1p/bpn2qp1/3p2NB/7P/P7/3B1PP1/R2QR1K1 w - - 0 20,Bg4
515,r2qk2r/1n3ppp/p2p4/3Np1b1/1P2P3/2P5/2N2PPP/3QKB1R w Kkq - 1 19,Na3
516,2b1k2r/2p2ppp/2pr3n/1p2q3/4P3/Q1N1P3/PPP1B1PP/R4RK1 w k - 3 18,Rad1
517,r2r2k1/1p2npp1/p6p/3p4/5b2/1NP1N3/PP3PPP/R3R1K1 w - - 0 23,Rad1
518,1r1r2k1/1p2qpbp/pNn1n1p1/2Pp4/3N4/1P2BP2/P5PP/2RQR2K w - - 8 22,Nxc6
519,2rq2k1/1b1N1p1p/p3pbp1/3p4/Pp1P1B2/1n1BP2P/1P2QPP1/3R2K1 w - - 2 24,Nxf6+
520,r2qk2r/1b1n1ppp/4pn2/p7/1pPP4/3BPN2/1B3PPP/R2QK2R w KQkq - 4 14,O-O
521,3r4/3r1pkp/ppn2bp1/3n4/3p1P2/PB1N2P1/1PPB3P/R3R2K w - - 2 27,Bxd5
522,1n2rrnk/3q2bp/1P1p2p1/2p1pbB1/N1P5/5PN1/3QB1PP/2R2R1K w - - 0 26,Nc3
523,2r3k1/1r5p/2pqN1p1/3p4/3Pp3/4P2P/1Q3PP1/2R3K1 w - - 0 31,Qxb7
524,1r2qrk1/ppp1ppb1/1n4pp/8/2P4P/3PB1PN/P3PPb1/1RQ2RK1 w - - 0 16,Kxg2
525,r3r1k1/1b1nppbp/p1p3p1/q2p4/N2Pn1P1/P2BPN1P/1P3P1B/2RQ1K1R w - - 1 17,b4
526,r4rk1/ppp4p/3p2q1/6B1/2P1PP2/1P1Q2P1/P7/4K2R w K - 0 23,Rh6
527,r2k3r/pppb1pb1/2n2n1p/1N2p1p1/4P3/4BPN1/PPP3PP/2KR1B1R w - - 8 15,Nf5
528,r4rk1/3nppbp/q2p2p1/2pPn3/4PP2/1PN1N3/P1QB2PP/R4RK1 b - - 0 16,Nd3
529,1r2r1k1/p4pp1/2p4p/1qNp1b2/3Qn3/PP4PP/4PPB1/2R1R1K1 w - - 1 22,b4
530,1k1r3r/1b3pb1/5q2/1Npp4/2p5/6P1/PP3PBP/R2Q1RK1 w - - 3 20,a4
531,3rrb1k/1bqn1pp1/pp1p1n1p/4pP2/P3P2B/1NN2B2/1PP2QPP/3RR2K b - - 1 23,Rc8
532,r1b1k2r/ppq2p1B/2p1pb1p/6p1/8/4B2Q/PPP2PPP/3R1RK1 w q - 2 20,Qxh6
533,1rb1r1k1/2qnbppp/ppnpp3/6P1/P3PP2/1NN1B3/1PP3BP/R2Q1RK1 w - - 3 18,Rf3
534,1r2kb1r/1bqn1p1p/p3p1p1/2ppP3/N4PP1/PP6/1BP3BP/2KQR2R b k - 3 18,c4
535,2rq1r1k/1b1nbpnp/pp1p2p1/4pPP1/P2NP2P/1PN5/1BP3B1/3RQR1K w - - 0 21,f6
536,1nb5/1n2k1bp/p4pp1/2P5/3N1BP1/1P3B1P/P3PP2/3K4 w - - 1 25,b4
537,r5k1/p4pp1/2pb3p/B4b2/8/1P1N3P/P1P2PP1/3Rr1K1 w - - 0 22,Rxe1
538,1rbq1rk1/5ppp/p1np1b2/1p1Np3/4P3/2P5/PPN2PPP/R2QKB1R w KQ - 3 14,h4
539,r1bq1rk1/1pp2pb1/p1np1np1/3N4/P1P1PP1p/2B4P/1P1NB1P1/R2QK2R b KQ - 7 16,Nxd5
540,r3qrk1/1pp2ppp/6b1/p3P3/2B1nPP1/P1b1B2P/1P6/R3QRK1 w - - 0 17,bxc3
541,8/ppk5/2p2q1p/2b5/8/3Q2P1/PP3P1P/4R1K1 w - - 3 24,Re2
542,1r6/4k3/1pp1bp2/2b1p1p1/2P1P2p/1P3P1P/1B1RB1P1/7K b - - 0 43,Bb4
543,r4rk1/3nppbp/qn1p2p1/2pP4/4P3/2N3PP/PP1BBP2/R2QR1K1 b - - 2 16,c4
544,r3r1k1/1ppb2b1/3p2pp/p1nP1p2/1nP1p2P/1P2Q3/3N1PP1/1R1B1RK1 b - - 0 20,Rf8
545,2r1r1k1/1pn1p1bp/2p1q1p1/1PPp1p2/3Pn3/3BPN1P/2Q2PPB/1RR3K1 w - - 1 31,b6
546,r4rk1/pp1b2pp/4p1p1/3pq1N1/2p5/P1P1B3/2PQ1PPP/R3K2R w KQ - 2 18,O-O
547,r1bq1rk1/pp3pbp/3p1np1/2nNp1B1/2P1P3/P6P/1PB2PP1/R2QK1NR b KQ - 0 11,Ne6
548,r1b2rk1/p3p1bp/np4p1/3PPp2/8/4BN2/P3BPPP/1R2K2R b K - 0 15,f4
549,r4rk1/2q1ppbp/3p1np1/PB1P4/2p1P3/2Nn3P/1P2QPP1/R1B2K1R b - - 3 17,Rxa5
550,3r1rk1/1pq1bpp1/2p3p1/p1n1p3/P1B1P3/2N1B3/1P1RQPPP/3R2K1 w - - 9 23,g3
551,r5k1/4np1p/3p2p1/3Pb3/1R1NPpB1/8/r4PPP/5RK1 b - - 2 22,Bxd4
552,r4rk1/1bq1bppp/p1n1p3/2p5/4B3/P1B1PN2/1P3PPP/R2Q1RK1 w - - 1 15,Rc1
553,2r5/3k1p1r/2b1p1p1/p1p1P1P1/1qPp2PP/3P2K1/P2QR3/5RN1 b - - 2 33,Rch8
554,8/pp1r1rk1/2p2q2/2P1Qppp/3P4/1R2P1P1/PR3P2/6K1 w - - 2 36,a4
555,r3r1k1/1p1b1p1p/p1ppn1p1/4q3/2P1P1P1/1P3P1P/P1Q1N1B1/2R1R2K b - - 2 23,h5
556,r1r1n1k1/pp1n2pp/2pBb3/3p2P1/2P5/2N2P2/PP5P/2KR1B1R w - - 1 19,cxd5
557,1r3rk1/1b2np1p/p4p2/1p1qp3/7P/2PB4/PPNQ1PP1/R3K2R w KQ - 0 18,O-O-O
558,q2r2k1/1r2bppp/3pb3/1p2p3/4P3/P2BBP2/1P4PP/2RQ1R1K b - - 0 20,h6
559,2r2rk1/pp3ppp/1n3n2/q2Pp3/P7/1BP2Q1P/5PP1/R1BR2K1 w - - 1 18,c4
560,r6r/pp2qpk1/2pp1p2/5R1P/2P1n2P/3PP3/PP1Q4/4R1K1 w - - 0 25,Qg2+
561,r1bq1rk1/5pb1/p2p2p1/2nPp2n/PpB1P2p/4BP2/NP1QN1PP/R4RK1 b - - 3 17,a5
562,1r2kb1r/pbqp1p1p/n3pp2/P1p5/1p1P4/2P1PNP1/1P3PBP/RN1Q1RK1 w k - 1 12,Nh4
563,r1bq1rk1/p4pb1/1p1p2pp/2nPp2n/4P3/1NN1B1PP/PP1Q1P2/R3KB1R b KQ - 2 16,Kh7
564,8/p3kn2/1p3pp1/1B1P4/5P2/5KPP/1P6/8 w - - 3 43,h4
565,r1b2k1r/pp2nppp/4p3/3pn2P/4q3/P4N2/2PBBPP1/R2QK2R w KQ - 0 15,h6
566,1r4k1/4ppbp/3p2p1/P1pP4/4P3/1Q4P1/4RPKP/2B5 b - - 0 24,Rxb3
567,r1b1k2r/1ppp1pp1/3q3p/pP6/P1BbP3/2N5/5PPP/R2Q1RK1 w kq - 0 15,Nd5
568,2rq1rk1/1b2bppp/p2ppn2/1p4P1/3BP2P/2N2P2/PPPQ4/1K1R1B1R b - - 0 14,Nd7
569,r5k1/p4p1p/1q2b1p1/8/2pr1P2/Q7/PPP1B1PP/2KR3R w - - 1 21,Rxd4
570,r1b1k2r/pp3p2/2p1p2p/q3n1p1/2BPQ2B/2P5/P4PPP/R4RK1 w kq - 0 14,dxe5
571,r2qr1k1/ppp2pp1/2np1nbp/2b1p3/4P1P1/1BPP1NNP/PP3P2/R1BQK2R w KQ - 3 12,g5
572,r1bq1rk1/p2p1pp1/1pn1pn1p/2p5/2PPP3/2PB4/P3NPPP/R1BQ1RK1 w - - 0 10,f4
573,4rk2/1pr1ppb1/p2p2pp/3P4/4R3/2P1B2P/PP3PP1/3R2K1 w - - 2 25,g4
574,1r3rk1/3bppbp/pqnp1np1/2p5/2p5/1PNPP1PP/PB1QNPB1/3R1RK1 w - - 0 14,dxc4
575,r1bn1rk1/p4ppp/1p3b2/q2P4/8/P2BBN2/5PPP/R2QR1K1 w - - 3 17,Rc1
576,r4rk1/ppq1bppb/2n1p2p/2p3PP/4P1n1/2P2NN1/PPB1QP2/R1B1K2R w KQ - 1 17,Ng1
577,3r1rk1/pp2bpp1/5n1p/5q2/4N3/2Q2P2/PPP3PP/R1B2RK1 b - - 1 17,Nxe4
578,8/p4pk1/bp2p2p/8/2r1P3/P3P3/3KN1PP/7R b - - 1 23,Ra4
579,r2q1rk1/1p4bp/p1p3p1/3b4/2Q5/4BN1P/PP3PP1/2R2RK1 w - - 0 20,Qg4
580,r2n1rk1/1pp3pp/p3p3/1bPpPpqP/3P4/PQ1B4/1P2NPP1/2R1K2R w K - 1 18,g3
581,5rk1/pq3r1p/3p2p1/2pPb2n/1pP5/1P1BRRPP/P1Q1N1K1/8 b - - 4 36,Bd4
582,r4rk1/5ppp/4p3/p1nbP1q1/Pp6/4N3/BP3PPP/2RQR1K1 b - - 5 21,Bxa2
583,r1r3k1/pp1bqpbp/3p1np1/2nPp3/P3P3/2NN2P1/1P1B1PBP/R2Q1RK1 w - - 3 15,Nxc5
584,5k2/4bpp1/1p1q3p/p1p1p3/P1B1Pn1P/5P2/1PP2BP1/4Q2K w - - 0 27,g3
585,3r1rk1/pppnqppp/2n1b3/4p3/3P4/2PBPP2/P3N1PP/R1Q1BRK1 w - - 9 14,Qb1
586,2rq1rk1/5ppp/p2pb2b/1p1Np3/4P3/1PPQ4/1P1N1PPP/3R1RK1 b - - 0 18,Kh8
587,3rkb1r/2p3pp/p3B3/1p2P3/3n2Q1/8/P4PPP/q1B2RK1 w k - 1 19,Bh6
588,3q1rk1/p2bppb1/3p1npB/1p5p/2r1P2P/2N2P2/PPPQN1P1/1K1R3R b - - 1 16,Qa5
589,2rq1rk1/p2bppb1/2pp1npB/7p/4P2P/1BN2P2/PPPQ2P1/R3K2R b KQ - 1 13,c5
590,3rr1k1/ppq3b1/1np2pp1/3p1b1p/3P1P2/1P1N1B2/P1P2BPP/2RQ1R1K w - - 1 21,a4
591,r4r2/1pp1qpk1/n2p1np1/p2P4/2P1PQ2/PPN2R1b/3NB2P/R6K b - - 1 22,Rh8
592,r4rk1/1p2ppb1/8/4NpP1/nPpPpB2/4P3/PP3P2/1R2K2R b K - 0 22,Nb6
593,3q1rk1/1b2bppp/p2pp3/6P1/1r1BP2P/2N1QP2/1PP3R1/1K1R4 b - - 1 20,Ba8
594,r1b2rk1/pp2bppp/2n1pn2/q7/2p2B1P/P1N1PN2/1PQ2PP1/2KR1B1R w - - 0 12,Bxc4
595,r1b1k1nr/ppp2Rb1/2np3p/8/2BPP1pq/4B3/PPP3P1/RN1Q2K1 b - - 1 12,Rh7
596,3r2k1/1pq1npb1/2p1n1pp/2P1p3/1P2P3/4NN1P/2Q2PP1/B3R1K1 w - - 0 24,Nc4
597,5kr1/4b3/p2N1nB1/1p2p2r/3n4/5P2/PP4Q1/3K2R1 b - - 2 29,Bxd6
598,6k1/1p3p2/2p2q1p/P2b4/1P5P/4P1P1/8/R3Q1K1 w - - 1 33,Rd1
599,rnbqkbnr/pppppppp/8/8/8/8/PPPPPPPP/RNBQKBNR w KQkq - 0 1,Nf3
600,r1bq1rk1/pp2bpp1/3p4/6P1/4PpB1/2N5/PPP3P1/2KR2QR b - - 0 15,Bxg4
601,5r1k/1B4b1/3r3p/4Nn1q/6n1/6B1/Q5PP/4RRK1 b - - 0 33,Nxg3
602,r3qrk1/1ppb2bn/3p2p1/pNnPpp1p/2P1P2B/PP3P2/3NB1PP/1R1Q1RK1 b - - 3 16,Bxb5
603,r4rk1/1bq1ppbp/p2p2p1/P1n5/1p1NPP2/2P1Q3/1P4PP/R2N1RBK b - - 2 20,Nxe4
604,r2qkb1r/1p1b1pp1/p1npp2p/8/4PP2/2N2NP1/PPPQ3P/2KR1B1R b kq - 0 12,Qc7
605,r2qkb1r/pp2pppp/2p5/4Pb2/P5n1/1QN5/1P2PPPP/R1B1KB1R w KQkq - 1 11,Qxb7
606,r1bqk2r/ppppbp1p/1nn3p1/4P3/8/2P2NQ1/P3BPPP/RNB2RK1 w kq - 2 13,c4
607,r2r2k1/p1q1pp2/6pp/1pp1b3/4Pn1B/2P5/PPQ2PPP/R3RBK1 b - - 1 19,c4
608,r3r1k1/1p1n1p1p/4bqp1/4p3/1P1pP3/3P1NP1/3Q1PBP/1R3RK1 b - - 1 18,Kg7
609,r1b1k2r/2qp1pp1/p3pn2/1pb3Bp/4P3/2NQ4/PPP1BPPP/R4R1K w kq - 0 12,f4
610,r1bq2k1/pp1n1p1p/2p2bpB/5n2/3P4/1B3N1P/PP1Q1PP1/RN4K1 w - - 5 18,Nc3
611,5rk1/pr1n1pp1/1q2p3/2pp2B1/2P5/PbQ1P3/1P1RB1PP/5RK1 w - - 1 22,Be7
612,r1r3k1/1n1bBpb1/p5p1/1p1Pp2n/4P3/5P1P/PP1KNN2/R4B1R b - - 2 20,f6
613,r2qr1k1/p2b1pp1/1pn1pb1p/1BPp4/3P1B2/2P2N2/P4PPP/1R1QR1K1 w - - 4 18,Ba6
614,r1b1kq1r/1p1n2Qp/p3pp2/8/P3P3/2N2N1P/1P4P1/R1B4K w kq - 3 17,Qg4
615,1rb2k1r/4bp2/4pp2/3q1P1p/pp6/3B3Q/PPP1N1PP/1KR1R3 w - - 2 22,Nf4
616,r1b1r1k1/1p1nbp1p/1q1p3B/p4p2/Pn2P1P1/2N2B2/1PP4P/R2Q1R1K w - - 0 18,gxf5
617,r4rk1/pp3ppp/2n1pn2/1Bq2P2/P1Np4/5P2/NP1b2PP/R2QK2R w KQ - 0 15,Qxd2
618,1k6/8/8/p6p/3n4/PN2R3/7r/3K4 b - - 1 45,Nc6
619,r3r1k1/1p3ppp/1q1p4/3P4/2P1bP2/1PQR2N1/P5PP/2KB3R b - - 0 29,Bxd3
620,r1bQ2k1/p5pp/3pn1n1/2pPp3/2P1P3/2PBB3/3N2PP/1R4K1 b - - 0 31,Nxd8
621,2brrnk1/2q2p2/3p1pp1/p1pP1P1P/PpN1P2Q/1P1BbR2/2P4P/5RK1 w - - 0 24,Nxe3
622,4k3/1p2pp1R/p2p1b2/3P1r2/4N3/2P1K3/PP4P1/8 b - - 7 32,Rxd5
623,1krr4/1b2bp1p/1q2p1p1/1B2Q1P1/3N1P2/8/1P5P/1KRR4 b - - 0 30,Bd6
624,2rq1bk1/1p1bnr2/p3p3/3pPp2/3N1Pp1/1PPQ2Pp/P3NB1P/2RR2K1 b - - 2 27,Nc6
625,2r2rk1/6qp/8/p2PppP1/2pn4/P1N3P1/1P4QP/2RR2K1 b - - 0 30,Qxg5
626,3qr1k1/1p2rpp1/2p1n2p/p2p4/Pb1P4/3NP1P1/1PQ2PBP/2RR2K1 w - - 14 29,Nxb4
627,r7/p2p2k1/1pnn1qpp/2p2p2/1P6/P4NPB/2Q1PP1P/3R2K1 b - - 0 27,cxb4
628,6k1/3r1p2/B4bp1/8/R3KP2/2P1R1P1/1r6/8 b - - 7 41,Bd8
629,2r1r1k1/1p2qpb1/pR1p3p/P2P2p1/2p1P3/2NnBP2/1P1Q2PP/5R1K b - - 4 25,f5
630,r1b1rnk1/2q2pbp/p1npp1p1/1p4P1/4PP1Q/2NBB2R/PPP1N2P/R5K1 w - - 2 18,f5
631,5k1q/5p2/5p2/4p3/3pB1QP/6P1/4PP2/b5K1 w - - 8 37,Bd5
632,4r1k1/p2b1pp1/1q5p/8/3Np3/1P6/P2Q1PPP/5RK1 b - - 0 23,Rd8
633,2rr2k1/ppbqnppp/2n1p3/3p4/1PPP3P/P3RNP1/1B3P2/1BRQ2K1 w - - 1 22,c5
634,rq3rk1/3b2b1/p2p3n/1p1Pp1pn/4Pp2/3B1P1P/PP1NNBP1/R2QK1R1 w Q - 4 25,b4
635,3qr1k1/1p3pp1/2p1rn2/p1Pp3p/1P6/P3P1P1/2QN1PP1/1R2R1K1 b - - 0 22,d4
636,2rrn1k1/pp1qppb1/6pp/4P3/1Q1P4/P3BN1P/5PP1/R4RK1 w - - 2 23,Rfd1
637,2r2rk1/pb1nbpp1/1q1pp2p/1p6/3P3P/P2QP1P1/1P1N1PBN/2R1R1K1 b - - 2 18,d5
638,r1bqk2r/4bp1p/p3pp2/1p1pP3/3Q1P2/2N5/PPP3PP/2KR1B1R w kq - 0 13,Kb1
639,2r1n1k1/5ppp/4b3/1pq1p1P1/4P3/1P1Q1B2/2PR2KP/3N4 b - - 0 32,f6
640,3rr1k1/p1p2pbp/bnp3p1/2q1P3/2Pp4/1P4P1/PBQN1PBP/2R1R1K1 w - - 0 18,Nf3
641,1r1q1rk1/3b1pb1/p1p1p3/6pp/2PpP3/5P2/PPN2BPP/1R1Q1RK1 b - - 1 20,e5
642,r4rk1/2q1npp1/2pn3p/1bNp4/3P4/2QBPNP1/5PP1/RR4K1 w - - 4 26,Bc2
643,3r1r1k/2pbNppp/8/n1pP4/p5n1/4P2N/PP3PBP/2R2K1R b - - 2 20,c4
644,r2qk2r/1p1b1pb1/p2pp3/4n3/3NPPp1/1P2B1Pp/P1P1N2P/R2Q1RK1 b kq - 0 19,Nc6
645,3rr1k1/1p1n1p2/1qp2n1p/p1b1p2b/4P1p1/PP2N1PP/1BP2PB1/R1Q1RNK1 w - - 0 23,hxg4
646,r4rk1/p2qn1pp/1pn1p3/3pPp2/3P1N1P/P2Q4/2PB1PP1/R3K2R w KQ - 1 16,Rh3
647,r3r1k1/p2nPppp/8/2p5/4b3/P3P3/1P2N1PP/2KR3R w - - 1 19,Rxd7
648,r3r1k1/p2q1pbp/b2p2p1/2pP2Pn/N3n3/P4N1P/1PQ2PBB/R3R1K1 b - - 2 21,f5
649,6k1/pp4bp/2p3p1/1r3p2/3p4/PN1P4/1B3P1P/3BK3 b - - 1 26,a5
650,r2qr1k1/pp1b1pp1/5n1p/3p4/2pP2P1/PnP1PPN1/R5BP/2B1QRK1 w - - 10 16,e4
651,rnb1k2r/p3ppbp/1p4p1/qBp5/3PP3/2P1B3/P2Q1PPP/1R2K1NR b Kkq - 1 10,Bd7
652,r1r3k1/4bpp1/1q1p1N1p/3Pp3/pp4PP/3Q1P2/PPP5/1K1R1B1R b - - 0 20,Bxf6
653,1n1q1rk1/r3ppbp/p1p3p1/1p6/P1pP3B/1NPbPB2/5PPP/R2QR1K1 b - - 9 15,Bf5
654,r1bq1rk1/1p2bppp/p3p3/3n4/3P4/1BN5/PP2QPPP/R1BR2K1 w - - 1 13,Qf3
655,b1rq1rk1/3nbppp/pp2p3/3nP3/P1Np4/1P3NP1/3BQPBP/2R1R1K1 w - - 0 19,Nxd4
656,rn1q1rk1/4bppp/p3bn2/2B1p3/Np1pP1P1/1N3P2/PPPQ3P/2KR1B1R w - - 0 14,Qxb4
657,r3r1k1/1pp2qpp/1pb1n3/3pPp2/PB1P1PP1/1P2QB2/7P/R1R4K w - - 1 27,Rg1
658,7r/3k1ppp/p7/1p1n4/1Br1p3/P1P5/P4PPP/2RR2K1 b - - 2 22,Ke6
659,rq2k2r/pp3pp1/2pbp3/3P1b1p/2P1n3/4P3/PP2B1PP/R1BQRNK1 b kq - 0 14,h4
660,2r2rk1/1q3ppp/p5n1/4P1P1/PNnN4/2P3Q1/1P3R1P/R5K1 b - - 0 26,Ncxe5
661,1r3r1k/4n1p1/1p1pB3/p2Pp1qp/P1P1Pp2/5PP1/6KP/1RQ2R2 w - - 2 27,Kh1
662,8/p2qr2k/1p1rp1pp/2p1R3/P1Q2P2/2P4P/1P4PK/4R3 w - - 0 32,R1e2
663,5rk1/1p1q1pbp/p2p1np1/P2Pp1B1/2r1P3/3B3P/1P1Q1PP1/2R3K1 w - - 0 20,Rxc4
664,r7/p3bkpp/1p3p2/4pn2/2P3P1/3NB2P/PPR1KP2/8 b - - 0 26,Nxe3
665,2r1r1k1/1p2bppp/p2pbn2/2q1n3/P3PN2/1PN2BQ1/1BP3PP/2R2R1K b - - 6 21,g6
666,r4rk1/p1ppq1bp/b1p2p2/4P1pQ/1nP5/1P4P1/PB1N1P1P/R3KB1R w KQ - 2 14,h4
667,r2q1rk1/pp2ppbp/4bnp1/8/2PQ4/1BN1B2P/PP3PP1/R3R1K1 w - - 1 17,Qh4
668,4brk1/1pqrbppp/p2pp3/1P6/P1P1P3/1Q2BPP1/4B2P/2R2RK1 w - - 2 21,Rfd1
669,2n3k1/p1q2pp1/4rn1p/PB2p3/2r1P3/6BP/4QPP1/4R1K1 w - - 0 29,Qxc4
670,r3qrk1/1ppb1pbn/n2p2pp/p2Pp3/2P1P2B/P1N5/1P1NBPPP/R2Q1RK1 w - - 1 13,b3
671,r4r2/pb1qnpbk/2npp1pp/1pp5/4P2P/2PP1NP1/PP1BQPBN/R3R1K1 w - - 4 15,d4
672,rnbqkbnr/pppp1ppp/8/4p3/4P3/8/PPPP1PPP/RNBQKBNR w KQkq - 0 2,Nf3
673,2kr4/ppqb1prp/n2p4/2pPp3/2N2p2/2P1P1P1/PP1Q1P1P/R3KB1R w KQ - 2 16,exf4
674,r1bqr1k1/1p3pbp/p2p1np1/2nPp3/4P3/1PN2NPP/P4PB1/R1BQ1RK1 w - - 1 13,Ne1
675,r1b1qrk1/pppnb2p/4p3/3pnpp1/3PP3/1P1N1PP1/P1P3BP/R1BQ1RK1 w - - 0 14,dxe5
676,1r3rk1/1q2ppbp/pN1p1np1/P1pP4/2N1PBb1/5Q2/1P3PPP/1R3RK1 w - - 1 21,Qd3
677,r1bbk2r/p2p1pp1/1p1Ppn1p/1Pp5/8/2BBPN1P/5PP1/R2QK2R w KQkq - 0 16,e4
678,r1bqk2r/pp1nnppp/2p1p3/3pP3/1b1P1P2/2N2N2/PPPB2PP/R2QKB1R w KQkq - 3 8,a3
679,1r2qr1k/ppp3b1/2b4p/P3p1pn/1P2Qn2/2P1NNB1/5PPP/3RRBK1 w - - 3 22,Qc4
680,2rqr1k1/pp1bnppp/3b4/3pn3/3N3B/1NP5/PP3PPP/R2QRBK1 w - - 7 16,Bg3
681,rnbqkb1r/pp2pp1p/3p1np1/2p5/4P3/2PB1N2/PP1P1PPP/RNBQK2R w KQkq - 0 5,Bc2
682,r1b2rk1/1pqnbppp/p2p1n2/2pPp3/2P1P3/2NBBP2/PPQ1N1PP/R3K2R w KQ - 2 14,g4
683,2k4r/pp1nb1p1/1qp1pp2/3pP1p1/1P1P2Pr/P1PB3P/5PK1/R1BQ3R w - - 0 18,exf6
684,r4rk1/p3npp1/bq1pp2p/3Pn2P/1p2P3/1P4P1/PB3PB1/R2Q1NKR w - - 0 19,Bd4
685,5n2/p7/Pr3k2/1p5p/8/1R1N4/1PP4r/2K1R3 w - - 0 37,Nb4
686,r2r2k1/5ppp/1pp2q2/8/4p1Q1/2P2N1P/PP3PP1/R3R1K1 b - - 2 19,exf3
687,r3rbk1/1bqn1p1p/pp1pp1p1/n5P1/2P1PP2/P1N1B1N1/1P5P/2RQRBK1 w - - 7 22,b3
688,r2r2k1/6pp/q1npbp2/4p3/1pP1PP2/1N4P1/P1Q2RBP/2R4K b - - 5 30,Qa7
689,8/pp3pkp/6p1/1Np5/4P3/2P3P1/r4PKP/2B5 b - - 1 22,b6
690,r2q1rk1/2p1bppp/p3b3/1p1pP3/2n5/2P1BN2/PPBQ1PPP/R4RK1 w - - 3 14,Qd3
691,r1bq1rk1/1p1n1pbp/p4np1/2p1p3/4P3/2P2N2/PP3PPP/RNBQRBK1 w - - 0 11,a4
692,r3r1k1/p1pp1ppp/b1p5/2b3P1/8/2P4P/PP2BP2/RNB1K2R w KQ - 1 16,c4
693,r3kb1r/1b1q1pp1/p1n1p2p/3nP1B1/PpNp4/1B3N2/1P3PPP/2RQ1RK1 w kq - 0 15,Bh4
694,2kr2r1/ppqn1pp1/2p1b2p/4b3/2N5/3B1Q2/PPPB1PPP/2KR3R w - - 6 18,Rhe1
695,1rr3k1/pb2qpb1/6pp/2np4/3N4/2N1P2P/P1R2PP1/1R1Q1BK1 b - - 5 24,Ba8
696,2r1rBk1/1p3ppp/p3q3/8/P3P3/2N4b/1PP2Q1P/3RR2K b - - 0 27,Rxf8
697,r2qrbk1/p4ppp/1p1n4/2pPp3/2PnP2P/5NPB/PB3PK1/2RQR3 b - - 8 21,Rb8
698,2r1k2r/3nbpp1/1q1p3p/N2Pp3/6PP/2p2P2/PPP5/1KBRQ2R w k - 0 21,Nc6
699,1n2qrk1/1p2bp1p/6p1/2P1p3/r2pP3/PN1B4/2Q2PPP/R3K2R b K - 1 25,Qc6
700,r4k1r/5pp1/2pq2p1/1p1p1BP1/2nP1P2/2Q4P/PP2N3/1K1RR3 b - - 0 27,gxf5
701,2kr3r/ppq4p/6p1/2pnpp1P/4P3/2PPQ3/PP3PP1/R3K2R w KQ - 0 21,exd5
702,2rr4/pb2kp1p/1p1R1np1/4p3/P3P3/2N1NP1P/1PP3P1/2KR4 w - - 1 21,Rxd8
703,3r4/p2r1k1p/5pp1/2Rn4/3P2P1/4B2P/P4PK1/3R4 w - - 1 30,Kf3
704,6k1/5rbp/p2p1q2/1p2n2Q/4p1p1/2P1N2P/PP3P2/R4RK1 b - - 0 25,Qe6
705,2r1n3/1brnkp2/1p1pp1p1/p6p/1PPBP2P/P3NP2/3RBKP1/R7 w - - 0 25,Rb2
706,r5k1/pp3pp1/5np1/1B3p2/3q4/2P2PP1/PP5P/4R1K1 w - - 0 22,cxd4
707,1b1rr2k/1q2n1p1/p1p2p1p/1pp1pP1P/2P1Q1P1/1P1P4/PB3PN1/3RR1K1 w - - 3 27,Nh4
708,r4rk1/2q2ppp/pn2b3/3pp1P1/n3P3/1NP1QPN1/P6P/2R1KB1R b K - 7 20,Rfd8
709,r3k2r/1b2q2p/p3pb2/1p1p4/8/2N3Q1/PPP3PP/1K1R1B1R w kq - 0 18,Be2
710,r3k3/4bp2/p5n1/3pq1P1/3Np1Q1/8/PPP5/1KBR4 w q - 0 35,Be3
711,2r1kb1r/p4ppp/b1n1pn2/3qN3/P1Np4/1p2PB2/1P3PPP/R1BQ1RK1 b k - 2 15,Ne4
712,rnb2rk1/p4p1p/1p2pp2/3q4/3P4/P1QB4/1P3PPP/R3K1NR w KQ - 0 13,Ne2
713,2r2nk1/p3rpp1/1p5p/2p5/Q6P/P4P2/KP1R2P1/8 b - - 0 29,c4
714,r5k1/pp3ppp/4bn2/4B3/4n3/P2r1P2/4N1PP/1R3BKR b - - 1 21,Nd2
715,r1b2rk1/pp3pbp/2npp1p1/3N4/1Pq3n1/4P1P1/P2BNPBP/R2Q1RK1 w - - 0 14,Rc1
716,1r1k4/p5p1/2n2p1n/2P1pP1p/p1B1P3/6BP/1P4P1/2K1R3 w - - 1 31,Rd1+
717,r1bk3r/pp1n1p2/6pp/8/3Pp3/P2B2P1/1P1N4/2R1K2R w K - 0 21,Nxe4
718,3r2k1/p5p1/1p5p/5b2/8/P4Pp1/1P2B2P/2R1K3 w - - 0 31,hxg3
719,r4rk1/1b3ppp/2p1qn2/1p2b3/1P2P3/3B4/2Q1NPPP/1RB2RK1 w - - 2 19,f4
720,6rr/nppqkp2/p2pbn1p/4p1p1/PPBPP3/2P1N3/3N1PPP/R2QR1K1 w - - 1 17,Bf1
721,1n3n1k/5p1p/p2p1bp1/2pPp3/N1P1P3/P5PP/3BBP2/6K1 w - - 0 25,Ba5
722,r3r3/pppk1ppp/3b1n2/3P4/8/8/PPPP1PPP/RNBQ1RK1 w - - 1 10,c4
723,r1b2rk1/4bpp1/p2q1n1p/1p1pN3/n1pP1P1B/P1N1P3/1P3QPP/1B1R1RK1 w - - 5 19,Bxf6
724,4r3/pr1b1pkp/2p3p1/R2p4/8/1P2P1P1/P4PBP/2R3K1 w - - 4 25,Bf1
725,r2brnk1/pp1q3p/n3p1pP/3pPpB1/3P1NP1/P2Q1N2/1P3P2/R3K1R1 w Q - 1 24,Nh5
726,1rbq1rk1/pp3pbp/2pp1np1/5p2/1PPP4/2N1P1P1/P3NPBP/R2Q1RK1 w - - 1 12,a4
727,2rn2k1/1bqp1rpp/pp1Qp3/4Pp2/2P2P2/1P4P1/PB4BP/3RR1K1 w - - 1 20,Qxc7
728,r3kb1r/1pp2qpp/p1np1n2/4p3/4P3/3P3B/PPP2PPP/RNBQ1RK1 w kq - 2 10,Nc3
729,2r3k1/1p3p2/p6p/P2Pp1pn/4P3/1nN2PP1/1P5P/R1R3K1 w - - 0 28,Ne2
730,2kr3r/pppq1ppp/2nn4/2b1p3/3pP3/2PP1QNP/PPB2PP1/R1B2RK1 w - - 4 15,Bd2
731,q3k2r/p2b1p1p/4p1pn/3p4/3P4/2N1P3/PP3PPP/R2Q1RK1 w k - 0 15,Rc1
732,r1bq1rk1/3nbppp/p2p1n2/1p2p3/3PP3/2N1B2P/PP1N1PP1/2RQRBK1 w - - 4 15,d5
733,1k1bq2r/pp1b1rpn/4p2p/3pP2P/2pP1PB1/P1P3N1/1PQ2RKN/5R2 w - - 4 31,Qb1
734,r2qr1k1/3nbppn/1pp4p/p2pP3/3P4/2N2P2/PPQ1NBPP/R4RK1 w - - 3 17,f4
735,2kr3r/pp1bqp1p/2n2n2/6p1/1b6/2N1PN2/P3BPPP/R1BQ1RK1 w - - 0 14,Qc2
736,rn1q1r2/ppp2kb1/3pbpp1/8/3P4/4B3/PPPQ1PP1/R3KBNR w KQ - 2 12,Ne2
737,2r1r1k1/2p2pp1/Qp3q1p/3n4/3P4/P2NP3/1P3PPP/2R2RK1 w - - 3 23,Qc4
738,r3k1r1/pp1nqppR/2p1p1p1/3pP1P1/3P4/P1PBQ1P1/1P3P2/R3K3 w Qq - 3 20,f4
739,r1b1r1k1/p1qnbpp1/1pp1pn1p/8/2PPN3/1P1B1N2/PB2QPPP/R4RK1 w - - 0 13,Nxf6+
740,r2k1b1r/pp1n1q1p/2pp1p1P/3Pp1p1/4P3/7Q/PPPN1PP1/2KR1B1R w - - 0 17,Nc4
741,r2qrnk1/2nb2bp/3p1p2/pp1Pp1pP/4P1P1/P1NBBPN1/1P1Q4/R3K2R w KQ - 0 19,Kf2
742,rnb3k1/pp1nr1p1/7p/2pp2P1/3P3P/2PB1N2/PP1N1P2/2KR3R w - - 2 18,Rde1
743,r2qr1k1/1b3pp1/p1pp1n1p/bp2p3/4P3/2PP1NNP/P1B2PP1/R1BQR1K1 w - - 0 16,Bd2
744,6r1/p1r1kp1p/8/5p2/3Pp3/2P3P1/PP3P1P/R1B1K2R w KQ - 0 19,Bf4
745,r1bq1rk1/4npbp/p1p1p1p1/3pP1B1/3P4/2N2N2/PP3PPP/R2QK2R w KQ - 1 12,Qd2
746,2q1kb1r/1p2nppp/p2pbn2/3N4/4P3/3BBN2/PP2QPPP/5RK1 w k - 0 16,Nxf6+
747,r1nq2k1/pp1b1rbp/4p1p1/3pPp2/5P2/1PNQ2P1/P3P1BP/R1B2RK1 w - - 1 18,Be3
748,1rb2rk1/1pn1ppbp/p1npq1p1/3N4/1PN1P3/6P1/P4PBP/1RBQ1RK1 w - - 0 21,Be3
749,r7/5pk1/4p3/pR4p1/2P1P3/5P1r/KP6/5R2 b - - 1 33,Kf6
750,1r5k/5r1p/2npb1pb/p2Np3/2B1P3/1PP5/5RPP/3R1NK1 b - - 2 26,Kg7
751,r2r4/1p1k3p/n1pP1bp1/p7/4B1P1/4B2P/PP1R4/2K1R3 w - - 0 24,Rf2
752,r4rk1/qb1nbpp1/p4n1p/2pp4/8/1QN1PNB1/PP2BPPP/2RR2K1 b - - 5 16,Rad8
753,4rk1r/1R1npp2/B2p1n2/5qp1/7p/2P3BP/P1P2PP1/3QR1K1 w - - 0 20,Bd3
754,rq3rk1/1b3ppp/p3pn2/2Rpn3/4P3/1N2BP2/PP2B1PP/1Q3RK1 w - - 0 19,Na5
755,1r1r2k1/4nppp/1qbp4/p3p3/2B1P3/2PQN3/RP3PPP/5RK1 w - - 9 22,b3
756,2r3k1/1p1rppbp/p2p2p1/Q1n5/P1P1P3/5P2/4N1PP/1R3K2 b - - 0 23,Rdc7
757,2rr2k1/pp3pp1/3P2b1/6Pp/2B1n2P/B5N1/8/1R2R1K1 w - - 0 31,Nxe4
758,2r3k1/p2q1p1p/bp4p1/1P1p4/n2Nn3/P3P2P/B3NPP1/3Q1RK1 b - - 0 21,Bxb5
759,3q1rk1/p3bppp/n7/8/8/1QPp1BP1/P2BPP1P/4K2R w K - 0 17,Qc4
760,2B3k1/p4pb1/3pp1p1/1p1n3p/3P4/P3B1P1/4KP1P/8 b - - 0 27,Nxe3
761,4R1r1/p3ppkp/1n4p1/2r5/5N2/5P2/PKP3PP/4R3 w - - 4 24,Rxg8+
762,r4rk1/1q1nbppp/2Rp4/p2Pp1P1/1p5P/1N1PBP2/PP3Q2/1K5R b - - 3 21,a4
763,2r3k1/p2q1pp1/b6p/3p4/3N4/P3PP2/1P4PP/3QK2R b K - 0 20,Qe7
764,2rr4/4qpk1/1bp3p1/Pp2P2p/3P2nP/PNN3P1/4Q3/3RR1K1 b - - 0 31,Ba7
765,2krr3/pp1n3p/6p1/2pP1p2/2P2P2/2R1R3/P4PBP/6K1 b - - 0 24,Nf6
766,b2r3r/k3qp1p/pn3np1/Npp5/3pPQ2/P1N2PPB/1PP4P/1K1RR3 w - - 0 22,Nd5
767,r1r3k1/4bppp/2Bp4/3PpPP1/ppq5/4B3/PPP3QP/1K4R1 b - - 3 24,b3
768,r3r1k1/pp5p/2b1n1p1/8/4pB2/2N5/PP3PPP/R2R2K1 w - - 0 21,Be3
769,r6r/1p4b1/2bNp1k1/4p1p1/2P1P1P1/3R4/PP3PP1/R5K1 b - - 0 25,Rhd8
770,r4rk1/pp3pb1/1nn1b1pp/6B1/4N3/1P4P1/P3NPBP/3R1RK1 w - - 0 18,Be3
771,r1bq2k1/4p1bp/pn2p1p1/1pp4P/3n4/1QN1BP2/PP3P2/3RKB1R w K - 0 16,Bxd4
772,1rbqk2r/4ppb1/p2p3p/4n1p1/1p1BP3/5P2/PPPQ2PP/R2NKB1R b KQk - 0 16,d5
773,br4k1/4qp1p/p2p1bpP/2p1n3/P1P1PB2/3P1NPB/1r3R2/3Q1RK1 b - - 8 30,Bc6
774,7r/1k2rpp1/p3p3/P3P1Pp/1Pp2P1P/4B3/2P5/2K1R3 b - - 2 31,Rd7
775,2rrb1k1/p3bpp1/4p2p/4P3/1p1N4/2P1R1B1/PPK2PPP/3R4 b - - 1 21,a5
776,r1bqr1k1/4bppp/3n1n2/pP1p4/8/1PNQ1N2/2B2PPP/R1B1R1K1 w - - 1 18,Nd4
777,2r5/1b2Rkb1/p7/2nq2B1/1p1N2P1/8/1PPQ4/1NK5 b - - 1 25,Kg8
778,3r3k/6pp/p7/1p1qpN2/3p1n1Q/P6P/2P2PP1/4R1K1 w - - 4 33,Qg5
779,r1b2rk1/pp2np2/1n2p2p/1N6/2q1P3/6P1/P2Q1PBP/1R3RK1 w - - 1 20,Rfc1
780,4qk1r/4bp2/4p2p/N2nP1p1/1p6/3Q4/1P1B1PPP/2r2RK1 w - - 0 25,Rxc1
781,4r1k1/b4p2/p4pp1/1p1p4/7P/1P2PqP1/P2RNP2/3Q2K1 w - - 4 28,Nf4
782,8/p1R4p/p4k2/1b1r4/6pN/8/P5PP/6K1 b - - 3 30,h5
783,r3k2r/p1p2ppp/b1p1q3/3nP3/2p4Q/1PB5/P3BPPP/R3K2R w KQkq - 2 16,Bd4
784,8/1p1kp3/2npq3/1p2bQBP/5p2/8/5PP1/5RK1 w - - 3 31,Qxe6+
785,r4rk1/pp3pbp/nq1P1np1/2p2b2/2Q5/2N2N2/PP2BPPP/R1BR2K1 b - - 0 13,Rad8
786,2r1kb1r/1bqn1p2/p2pp1p1/1p4Bp/3NP2P/5P1R/PPPQ2P1/1K1R1B2 w k - 0 18,Rh1
787,r4rk1/3n1pp1/1q5p/p1pp4/2b5/P1Q1PP2/1P1R1BPP/3B1RK1 w - - 2 22,Re1
788,r2rb2n/1p4pk/p1p1pq1p/2Pp1p2/PP1P1P2/2QNPBP1/5R1P/R5K1 w - - 4 23,h4
789,r2qk2r/1p3b1p/pnp2p1b/5BpP/3P1N2/2N1P1Q1/PP3PP1/R3K2R w KQkq - 1 16,Ne6
790,r1bq1rk1/pp1nbppp/2p1p1n1/8/3PP3/2N2N2/PPB2PPP/R1BQR1K1 w - - 2 11,e5
791,r1bqk2r/2pnbppp/pp6/3pP3/3P4/3B1N2/PP3PPP/R1BQR1K1 w kq - 0 12,Qc2
792,r2qkbnr/pppb2pp/2np4/1B2p3/3PN3/5N2/PPP2PPP/R1BQK2R w KQkq - 1 7,dxe5
793,r3r1k1/pppq1ppp/2np1nb1/2b1p3/4P1P1/1BPP1N1P/PP2QP2/R1B1KN1R w KQ - 3 12,Ng3
794,r2q1k1r/pppn2pp/8/2b1p3/4P3/1BNP1P1b/PPP4P/R1BQR2K w - - 5 14,Be3
795,8/pp2pp1p/1n3kp1/8/4PP2/1PNr4/P2r1PKP/2R4R b - - 6 27,e6
796,r2qkb1r/1b1n1pp1/p3pn1p/3p4/Np1NP1PP/4BP2/PPPQ4/2KR1B1R w kq - 0 13,Bh3
797,1k1r3r/1p2qp2/p1p5/P6p/R3B1n1/6P1/1PQ1PPK1/7R w - - 0 23,Bf3
798,r3k2r/p1p2p1p/2p1q3/3nP1p1/2bQ4/1PB5/P4PPP/R3K2R w KQkq - 0 18,Qxc4
799,8/5pkp/6p1/p1r5/5P2/1b4P1/3nNKBP/R7 b - - 1 33,Bc4
800,2r1r1k1/1p2ppb1/p2pbn2/3n2p1/4P3/qB3QBP/P1P1N1P1/3R1R1K w - - 0 22,exd5
801,4r1k1/1b3qb1/p2pn1pp/1p3p2/5P2/P1NP2QP/1PN3P1/4R1BK b - - 2 29,Kh7
802,8/pp1q2pk/2p4p/3pQ2P/3Pb3/6R1/PP4P1/6K1 w - - 1 37,b4
803,1r1r2kb/1p3p2/p3p3/P5P1/b2pB3/8/1P1R1P1P/2R1N1K1 b - - 2 28,d3
804,3k4/p4p2/1bQ3p1/2p3Pp/3p1q2/1P2n3/PB5P/K1R5 w - - 2 39,a4
805,1r4k1/pBq2p1p/1n1b2p1/8/3P4/r1B2Q1P/5PP1/R1R3K1 w - - 5 26,Be4
806,r3rbk1/1pqn1ppp/p2p1n2/3P4/2P2B2/1N6/PP2B1PP/2RQ1R1K b - - 2 16,Qb6
807,8/p3kp2/1p1qb1p1/8/2P4P/P3Q1P1/4BP2/6K1 w - - 1 32,g4
808,5k2/p1Q1pp1p/2p3p1/Pr1rP3/3b4/6P1/4RPKP/8 b - - 2 27,Bxe5
809,r3kb1r/5ppp/p1pqb3/2Pn4/8/5N2/PP2QPPP/RNB1K2R w KQkq - 0 12,Bd2
810,r2qkb1r/1b1n1pp1/p3pn1p/3p4/Np1NP1PP/4BP2/PPPQ4/2KR1B1R w kq - 0 13,Bh3
811,r1b2rk1/p1q1bp1p/1p2pnp1/2p1N3/2PP4/2Q1B3/P1B2PPP/3R1RK1 w - - 0 19,dxc5
812,r2qkb1r/1b3ppp/p2pp3/2n3P1/P1pNPP2/2N1B3/1PP3QP/R4RK1 b kq - 2 15,g6
813,r2q1rk1/pp1b1p1p/n3p1p1/2n1b3/5P2/2N1B1P1/PP2P1BP/R2Q1RK1 w - - 0 14,fxe5
814,2kr3r/pbpp3p/2p3p1/2P1Pp2/5P2/1PR1q3/P5PP/4KB1R w K - 0 20,Rxe3
815,3r1rk1/5pqp/p2n4/1p5Q/8/4N1P1/PP3PBP/3R2K1 w - - 2 27,Rd5
816,r2q1rk1/ppp1bppp/2n5/3p1b2/2PP4/P1P2N2/4BPPP/R1BQ1RK1 w - - 1 13,Re1
817,r2r1k2/1pp2pp1/2b1pq1p/p7/3PB2P/8/PPP2PP1/1K1RQ2R w - - 2 21,Bxc6
818,r2qr1k1/1b3pbp/p2p1np1/2P3B1/N1PpP3/5P2/3QB1PP/R4RK1 w - - 2 17,cxd6
819,4k2r/1bqnbppp/pn1pp3/1p4P1/4P3/2PBBP2/P1P1NQ1P/1K1R3R b k - 0 16,O-O
820,rn3r2/pp3kpQ/2p1p3/6q1/3P4/3B3P/PPPK2P1/R6R w - - 1 18,Kc3
821,2br1r2/p4pk1/1ppq1npp/2p1pP2/4P3/2NPQ2P/PPP2RPN/5RK1 w - - 0 20,b3
822,2rr2k1/1bqnbp1p/p1n1p1pB/1p2P3/8/P1N2N2/1P2QPPP/1B1RR1K1 w - - 10 19,h4
823,r2r2k1/1bB3pp/p3p3/1pp2pn1/8/2P5/PPB2PPP/R3R1K1 w - - 0 23,Bxd8
824,2k1r3/pp2Ppnp/2p3p1/q1B2P2/2B5/6P1/PPPbQ2P/1K5R w - - 3 24,Bxf7
825,rn2kb1r/4pppp/p2p1n2/qp1P4/Pp2P1b1/2P2N2/3NBPPP/R1BQ1RK1 w kq - 0 11,cxb4
826,3rqrk1/pp2p1b1/2n3pp/3pPN2/3P1n1N/1P5P/PB1Q2P1/3RR1K1 b - - 0 24,g5
827,r2r2k1/pp1b1p1p/4pnp1/q7/6PP/P2BQN2/1PP2P2/2KR3R w - - 1 18,Qf4
828,2b2rk1/pp2pp1p/6p1/8/6P1/PrqB4/1P1R1PPQ/1K5R b - - 7 22,h5
829,r1bq1rk1/pp1nnpbp/4p1p1/3pP3/3P1P1P/3B1N2/PP2N1P1/R1BQK2R w KQ - 1 12,h5
830,r3k2r/2qbbpp1/p1n1p3/1p1pPn1p/P1pP4/1PP2N2/4BPPP/1RBQRNK1 w kq - 0 15,Ne3
831,r1qr2k1/pp2bppp/1np5/3nP3/8/1P3NP1/PBQ1PPBP/3R1RK1 w - - 0 17,Nd4
832,r1b1k2r/1q2bppp/p1p1pn2/8/2P5/4BB2/PP3PPP/RN1Q1RK1 w kq - 1 14,Nc3
833,r2qk2r/2pnnp1p/bp2p1pP/pB6/P2PP3/B1P2N2/5PP1/R2QK2R w KQkq - 2 15,c4
834,2r1brk1/pp2ppbp/n5p1/2pPN3/2P1PB2/PB6/5PPP/2R1R1K1 w - - 1 20,Nd3
835,r2r2k1/p4ppp/1p3b2/3B4/8/6P1/PP1RPP1P/R5K1 w - - 1 19,Rad1
836,r3kb1r/pppq1p2/2n2pb1/4p2p/3P2P1/2P1BN1P/PP3PB1/R2QK2R w KQkq - 0 13,dxe5
837,1r1qk1n1/p1pp3r/4pPpp/1pbP4/8/5N2/PPP1QPPP/R1BR2K1 w - - 0 14,dxe6
838,1rb1qrk1/2pn2bn/pp1p1pp1/3Pp3/PPP1P2p/2NBBPN1/3Q2PP/R4RK1 w - - 0 16,Nge2
839,2r1rnk1/1p1nppbp/p5p1/q1pPP3/5P2/1PN1B1PP/P3Q1B1/3R1RK1 w - - 3 18,Ne4
840,r2q3r/2knbpn1/p1p1p1p1/Pp1pP2p/1P1P1PP1/2P2N1P/3QBB2/2K3RR w - - 3 21,Bd3
841,1rb2rk1/3n2qp/1p2pp2/pPppPp2/3P1P2/P1P2NQ1/3N2PP/4RRK1 w - - 0 21,Qf2
842,5r1k/pb1q2b1/3pp1rp/1pp2p2/5P1B/1PPP3Q/1P2R1PP/4RN1K b - - 1 27,b4
843,r2q1rk1/4ppbp/b1np1npB/p4P2/1pp1P1PQ/3P1N1P/PPP3B1/RN3RK1 b - - 1 13,cxd3
844,r3kb1r/1bq2pp1/p3pn1p/3p4/PP1NP1PP/4BP2/2PQ4/2KR1B1R w kq - 0 17,e5
845,2r1r2k/p1nq2pp/1p1B2p1/3pP3/P2P4/1QP2R2/6PP/R5K1 w - - 4 23,Raf1
846,2rq2k1/1p2r1pp/p4pb1/3pB3/P1nP2PP/4PP2/4R1B1/3Q1RK1 w - - 0 24,Bf4
847,r1b1k2r/4bppp/4p3/p2nn3/Np1B2P1/PN3P2/1PP1B2P/R3K2R b KQkq - 1 19,f6
848,r2qk2r/pp1nbpp1/2n1p3/1NPp2BP/7P/8/PPP1QPB1/R3K2R w KQkq - 3 16,h6
849,r3r1k1/1b2bpp1/pq1p1n1p/np2p3/P1p1P3/2BPNN2/BPP2PPP/R2QR1K1 w - - 2 16,Nd2
850,2kr1b1r/2p3pp/p7/1pP5/3p4/1Np5/P4PPP/R1B2RK1 w - - 0 19,Ba3
851,2r3k1/p2p2pp/3Ppp2/3b4/r7/P3BP2/1PP2RPP/2R3K1 w - - 2 23,Ra1
852,r2q1r2/1p1b1pk1/4p1pp/3pP3/p1nN1Q1P/2P2N2/PP3PP1/1R2R1K1 w - - 0 21,Qg3
853,4r1k1/3bb1p1/p2ppnqp/1p6/1P1NP3/2N2R2/1PP1Q1PP/6BK b - - 1 22,Qh5
854,2q2rk1/3nbppp/pr2p3/2ppP3/8/1PBQ4/P1P1BPPP/R4RK1 w - - 1 19,f4
855,2rqk1r1/3nbp1p/b2p2p1/p2Pp3/1p2P1P1/1P1NBP2/P2QN2P/1K1R3R b - - 3 25,Bf6
856,1r1qrbk1/1bp2pp1/p2p1nnp/4p3/P1B1P3/2BP1NN1/1P3PPP/R2QR1K1 w - - 5 17,d4
857,r2q1rk1/3b1p1p/pn1p1bp1/2pP4/PpP1PpP1/1P3N1P/2BQ1P2/R3RNK1 w - - 2 22,e5
858,2r1k2r/1b2bppp/p2qp3/1pnp2PP/n2N1P2/3BB3/PPP1NQ2/1KR4R b k - 0 20,f5
859,r3rk2/1p3pp1/p1n4p/3p4/1q1N4/2Q5/PPP1RPPP/4R1K1 w - - 3 22,Qxb4+
860,5rrk/pp1qbp1p/3pbnp1/2p1p3/P1P1P1PP/1PN1NQ2/2P2P2/R1B1K1R1 w Q - 1 16,Bb2
861,4q1rk/1pnbp1bp/1p1p1p2/2p2N2/4P2Q/2N4P/1PPB2P1/5RK1 b - - 4 21,Bf8
862,1r3rk1/1pRQ1ppp/pq2p3/8/4P3/1N6/Pb3PPP/1R4K1 b - - 3 21,Be5
863,r1b2rk1/ppQpnppp/8/8/3qP3/2N5/PP3PPP/R3KB1R w KQ - 1 13,Rd1
864,1rb4r/ppNnk1pp/2n1p1p1/3pP3/3P4/5N2/PPP2PP1/R3KB1R w KQ - 1 13,Nb5
865,rn1q1rk1/3nbppp/1p2p3/pbppP3/P2P4/2P2N2/1P3PPP/R1BQRNK1 w - - 0 12,axb5
866,rn3rk1/1q2bppp/p2p4/1P2p3/P2N1Bn1/2P5/N3QPPP/R4RK1 b - - 1 19,exd4
867,r7/4kp2/3ppnp1/1bq5/1p2PQ2/1B1R4/P1P3PP/5R1K b - - 0 29,Qe5
868,r5k1/pp1bqppp/1nn1p3/2rpP3/3N1PP1/P1N1Q3/1PP4P/1K1R1B1R w - - 1 18,Ncb5
869,2r1k3/pppb1pbr/4n2p/2p2N2/4N3/1P5P/P1P2PP1/3RR1K1 w - - 0 21,Nxg7+
870,r1b1r1k1/pnp1q1bp/1p1p1n2/3P1p2/1PP1pP2/PNN3P1/1BQ3BP/4RRK1 w - - 2 21,Nd4
871,r2q1rk1/1b1n1ppp/p3pn2/1pb3B1/8/1Q2PN2/PP1NBPPP/R4RK1 b - - 5 12,h6
872,1qr3k1/pb3ppp/1p2pn2/8/2P5/PnQ1PP2/4B1PP/B2R2K1 w - - 1 21,Qxb3
873,r1b2r2/pp4pk/5n2/3p4/3n2q1/2P3N1/PP3PP1/R1BQR1K1 w - - 0 19,Qxd4
874,1qr3k1/pb3ppp/1p2pn2/2n5/2P5/PNQ1PP2/4B1PP/B1Rr2K1 w - - 0 20,Rxd1
875,r4b1r/1p1k1ppp/1pp1pn2/3p1b2/2PP4/1PN1PP2/P3B1PP/R1B1K2R b KQ - 1 12,Bd6
876,r5k1/q4pp1/3ppn2/1B5p/P3P3/1P5P/1b2QPP1/2R3K1 w - - 0 24,Qxb2
877,2r3k1/1p3pp1/p3p3/3pP2p/P2P3P/bP1Q1P2/q2B2P1/1R1K4 b - - 0 26,Be7
878,r3k2r/1bqp1ppp/pp2p3/8/2P1Pb2/1P3n1P/PBB2PP1/1R1Q1RK1 w kq - 0 17,Qxf3
879,2r2rk1/p2qppbp/Qp4p1/8/3P1P2/5N2/P4PPP/1RR3K1 b - - 0 20,e6
880,3r1r2/pb3Pkp/1q4p1/1p3p2/5R2/1B6/PP2Q1PP/4R2K b - - 2 24,Be4
881,r5k1/5pbp/p1p1r1p1/1p1n4/4N3/P4P2/1PP2BPP/1K1R3R w - - 3 24,Bd4
882,2r2r1k/pppq2pp/3b2b1/n3Bp2/3P4/P1P2BN1/5PPP/R2QR1K1 w - - 4 23,h4
883,r3k2r/pp3pp1/2n2q1p/b2p4/3N2b1/P1N1P3/1PQ1BPPP/3RK2R b Kkq - 4 13,Nxd4
884,3R4/pB3pk1/6p1/7p/4P3/6PP/b4PK1/2r5 b - - 0 31,a5
885,r2qr1k1/1b2bppp/p2p1n2/npp1p3/P3P3/3P1N2/BPP2PPP/R1BQRNK1 w - - 2 13,Ne3
886,rn1q1rk1/pb3ppp/1p2pn2/8/2BP4/2P2N2/P3QPPP/R1BR2K1 b - - 0 12,Qc7
887,r3k2r/1p2qpp1/p2p4/2n1p1PP/4PB2/1P3B2/1PPQ4/R4RK1 b kq - 0 21,exf4
888,r7/1p3k1p/2rppb1P/p3pPp1/P1PnP1P1/1P1B4/3B1K2/1R1R4 w - - 7 35,Bc3
889,r3r1k1/p2b1ppp/1n1q1n2/1ppP4/5N1P/P5P1/4PPB1/RN1Q1RK1 b - - 0 15,h6
890,3r1rk1/p4ppp/1p1n1b2/2pR4/P7/1B1PBR2/1PP3PP/6K1 w - - 1 27,c3
891,r1b1rk2/2qp1p2/2p2p1p/p3p3/2B1P3/2b3Q1/PPPB2PP/5R1K w - - 2 22,Rxf6
892,1r4k1/5pb1/2n1pnp1/1NB5/2B5/8/rP3PPP/2R2RK1 b - - 0 22,Rxb2
893,r2q1rk1/pp1bbppp/4pn2/2P1Q3/8/1NN3P1/PP3PBP/R4RK1 w - - 3 18,Bxb7
894,3q2k1/1b2bppp/4p1n1/8/r1NNP3/8/1B3PPP/2RQ2K1 b - - 1 27,Rb4
895,2r1r1k1/pb2qpb1/1p4p1/4Np1p/2PPp3/1P2Q2P/P4PP1/2BRR1K1 b - - 3 28,Qd8
896,b2rrbk1/q2n1ppp/Pp1pp1n1/8/N1P1P3/PN2BP2/4B1PP/2RRQ2K w - - 1 25,Nc3
897,r1br2k1/1p2bppp/p3p3/3nN3/8/1QN5/PP3PPP/3R2K1 b - - 3 17,Bf6
898,r1b2rk1/npB1bppp/p3pn2/8/1q6/1NN1R1PP/PP3PB1/R2Q2K1 w - - 1 16,Rc1
899,2r1r1k1/p1p2pp1/1p1b2p1/n5P1/2PPq3/P3B2P/R3BP2/3QR1K1 w - - 0 24,c5
900,br3r1k/3p2pp/1pq1p1nn/1Nb1PpNQ/2P2P2/3BB3/2R3PP/5R1K w - - 4 25,Bc1
901,r1b4r/ppq2k1p/4pppQ/1Bp5/8/2P5/PP3PPP/3R1RK1 w - - 2 19,Rd3
902,2b1kb1r/5p1p/2np4/1N1Npp2/rP2P2q/8/P1P2PPP/R2Q1RK1 b k - 2 14,Rg8
903,1r4k1/2pn1pp1/q1ppb2p/4p3/rP2PP2/P2PN1P1/1BR1Q1KP/R7 b - - 0 26,f6
904,4r1k1/4rp1p/pnp2qp1/2n5/4p3/1PN2P2/P2Q2PP/1B1RR2K w - - 0 27,Bxe4
905,r2b1k2/p2q1p2/2NNb1n1/1P1pP2r/5B2/2p3p1/P5PP/R1Q1R1K1 w - - 0 26,Bxg3
906,B1b2r1k/5p1p/p7/2b1p1q1/RN2Pp2/2P2P2/1P3RPP/3Q2K1 b - - 0 23,Rg8
907,3r1r1k/p2pq3/bpp3pp/4bp2/P1P4P/1Q1NP1P1/P1R2PB1/3R2K1 b - - 1 24,Bc7
908,2r2k2/p1q1npp1/1p5p/1R1p4/P2P3P/2P2BP1/3Q1PK1/8 w - - 2 31,Rb3
909,r2q1rk1/3bn1bp/p2p2p1/1p1Pp3/4Pp2/3BBP2/PPN3PP/2RQ1RK1 w - - 0 17,Bf2
910,r5k1/p2b1ppp/1q3n2/1p1P4/2p2P1N/4rRPP/PPQ3B1/3R3K b - - 2 23,Rae8
911,5rk1/5ppp/4p3/1r2P3/1p2PP2/4KN2/1P4PP/2R5 b - - 0 29,Rbb8
912,r3kb1r/1p1qnppp/p7/3p4/2Pp4/8/PP1P1PPP/RNBQR1K1 w kq - 0 12,d3
913,r1b1k2r/3nqp1p/p1p2npQ/1p2p3/2B1P3/2N2N1P/PPP2PP1/2KR3R w kq - 0 13,Bb3
914,r3k2r/ppqnnpb1/2p1p1b1/2PpP1p1/1P1P2P1/2N5/P2BBP2/R1Q1K1NR w KQkq - 0 15,Rxh8+
915,r3r1k1/pp1b1p2/5n1p/3p2p1/P1pP4/2P1P1n1/2BN1PPP/R3R1K1 w - - 0 20,hxg3
916,3r1rk1/1pq1ppb1/p1p1nnpp/2P5/2NP4/2N1BQ2/PP3PPP/2RR2K1 b - - 6 19,Nd5
917,2r1k2r/1R1nbppp/p1p1p3/3p2B1/4P3/5P2/PPP3PP/2K2B1R w k - 2 19,Bd2
918,r2qk2r/2p1bppp/p1n5/1pnpP3/6b1/2P2N2/PPBN1PPP/R1BQ1RK1 w kq - 3 12,Re1
919,3r2k1/2q1bp1p/2b1n1p1/p1r1B1P1/2p1p1NP/P4P2/1PPQ4/KRN3R1 w - - 0 33,Qc3
920,2rr2k1/1pq2ppp/p1bppn2/P7/3NPP1Q/2NP4/1P4PP/R4R1K b - - 0 21,Qe7
921,r3k2r/1b1n1ppp/p3p3/q1bpP3/3NNP2/3BB3/1P2Q1PP/2R2RK1 b kq - 0 18,dxe4
922,2rr2k1/pp2qp1p/2nppnp1/8/2P1P3/1PN2P2/P2QN1PP/3R1RK1 w - - 0 18,Kh1
923,r3k2r/3p1ppp/4p3/p7/P1q1bP2/1pP5/1P1B1QP1/R1N2R1K b kq - 2 22,h5
924,r3q1k1/1b4pp/1n1ppn2/1Pp2p2/2P5/3N1PP1/1BQ1P1BP/R5K1 w - - 2 22,Bxf6
925,3q1rk1/1br2ppp/p2ppn2/1p6/4PP2/PNNP2Q1/1P4PP/2R2RK1 b - - 0 17,Qe7
926,2kr3r/pp2nqbp/2pp4/1P4pP/P1Pp1NP1/3P4/5PK1/R1BQ3R w - - 1 22,Nh3
927,r1r2bk1/pq3p1p/4p1p1/4B3/Q1RP4/1P2PP2/P3NKPP/8 b - - 2 26,Be7
928,r1b2rk1/p1qn1ppp/2pb4/1p1Pp1Pn/2B1P3/2N1BN2/PPQ2P1P/2KR3R w - - 0 14,dxc6
929,r5k1/p1p2p1p/npq1r3/5Rp1/3P2Q1/2P3P1/P2N3P/2R3K1 w - - 4 22,Qxg5+
930,6k1/1pbr1pp1/4p2p/p1p1P2P/P1P3P1/2B2P2/1P2K3/4R3 w - - 3 31,f4
931,2r1r1k1/p4ppp/1p6/4N3/PbP1n3/1P1R4/1B3PPP/R4K2 w - - 11 25,Rad1
932,r1b1k2r/pp3p1p/2p3p1/7q/2p1PPn1/2N4P/PPPQ2P1/R4RK1 w kq - 0 16,hxg4
933,r4rk1/1pq2ppp/p1Nbpn2/3p3b/N2P4/1Q2P3/PP1B1PPP/2R1KB1R b K - 0 13,bxc6
934,1k2r1r1/pp1n1p2/3b3p/2pPp3/P3QP1q/2BP4/1P4BP/4RR1K b - - 8 26,Nf6
935,2rqr1k1/pp3p1p/6p1/3P4/1P1B4/1Q1n2P1/P2NbPBP/R5K1 b - - 2 19,Qg5
936,r2q1rk1/pb1pbppp/1pn1p3/4P1B1/2P3nP/P1N2N2/1PQ2PP1/2KR1B1R w - - 1 14,Bf4
937,3qk2r/1p1rbp2/pnp1p1p1/4Pn1p/1P1PB3/P2R1NPP/3B1PK1/2QR4 w k - 5 27,Qc2
938,R4rk1/1p3ppp/2p3n1/p7/Pb4P1/1nN1P2P/1P2BP2/R1B3K1 b - - 0 20,Rxa8
939,b1r3k1/3n1p2/1p2q2p/1Nn1p3/P3P3/R4PB1/1Q5P/3B2K1 w - - 3 32,Qd2
940,r4rk1/1p3qpp/1p1R1p2/p7/Qn6/2N2NP1/PP3PBP/1b4K1 w - - 0 20,Nxb1
941,r3k1nr/pp1qb3/8/2pNp1pp/2P1Pp2/P2P1Q1P/5PP1/1RB1K2R w Kkq - 0 15,Bb2
942,r2q1rk1/1b1nbpp1/p3p2p/2pnP2P/2Np1B2/P2P1NP1/1P2QPB1/R3R1K1 w - - 1 17,Bd2
943,2r1rk2/3n1p2/p1p3p1/3p4/3R1P1p/1PR1P1N1/P4P1P/6K1 w - - 0 28,Ne2
944,r2q1rk1/pp1n1pbp/b1p3p1/4p3/3P4/1PN3PB/PB2PP1P/R2Q1RK1 w - - 0 14,d5
945,rnb2rk1/1p3ppp/1Pp2n1q/2Pp4/1B1Pp2b/PNN1P2P/1R1Q1PP1/4KB1R w K - 5 23,Kd1
946,2rr2k1/1bqnbpp1/1pp1p2p/p1P5/3P4/1P1B1N2/PBQ2PPP/3RR1K1 w - - 6 19,Bh7+
947,rnb1k2r/pp3ppp/4pP2/6q1/2pN4/2P5/P4PPP/R2QKB1R w KQkq - 0 11,fxg7
948,r2q1rk1/pp2ppbp/2bp1np1/8/2P1P3/2N3P1/PP3PBP/R1BQ1RK1 w - - 1 11,Be3
949,r3r1k1/4qpp1/pp1p1n1p/nNpP4/1b4bB/4PN2/PPQ1BPPP/3R1RK1 w - - 0 16,Bxf6
950,r2q1rk1/3nppbp/p1np2p1/1pp5/4P3/2PPB2P/PP1N1PP1/R2QRBK1 w - - 0 14,a3
951,r2qr1k1/pp3p1p/2n3p1/2Ppb2n/3N4/2N2PPb/PP1QBB1P/R4RK1 w - - 1 16,Rfe1
952,2r2rk1/pp2bppp/1qb2n2/8/2Pp1B2/5NP1/PP3PBP/R2Q1RK1 w - - 0 16,Qxd4
953,1k1r3r/pp1b3p/2p2q2/3pbp2/N1P1n3/3BP2P/PPQ2PR1/1K2B1R1 w - - 0 21,f4
954,r2qr2k/1b2bp1p/p1npp1p1/1p3PP1/3NP2Q/P1NRB3/1PP4P/2K3R1 b - - 0 18,Ne5
955,r3nrk1/pb3ppp/1p1ppq2/8/2P1P3/P1N1b2Q/1P2BPPP/3RK2R w K - 0 17,Qxe3
956,1kn4r/p1qrbpp1/1pp1p1b1/P3P1Pp/3P4/1NP5/1P1BQ1BP/R4K1R w - - 1 21,axb6
957,rn1qnrk1/pp2bpp1/3p2p1/2pP4/2P3P1/2N4P/PP2BP2/R1BQ1RK1 w - - 0 15,Be3
958,r1r1n1k1/ppp1qpbp/4b1p1/1PPp4/P2Pp3/4P2P/3QBPPB/2RRN1K1 w - - 1 19,Nc2
959,r3kb1r/1pqn1p1b/p1p1p2p/2PpPnpP/1P1P1B2/P1N2N2/4BPP1/R2QK2R w KQkq g6 0 15,hxg6
960,r5k1/1pqrp1b1/p3b1p1/3pPp1p/3R1B1P/2P1Q3/PP2BPP1/3R2K1 w - - 4 22,Rb4
961,r2q1rk1/4bppp/p1pp1n2/7b/4PB2/2N2N1P/PPPQ1PP1/R3K2R w KQ - 5 12,O-O-O
962,r1br2k1/1pq1bppp/p4n2/2pPp1B1/2P5/2N5/PPB2PPP/R2Q1RK1 w - - 2 14,Re1
963,r4rk1/ppq1ppbp/1np3p1/7n/3PP3/P2BBN2/1PQ2PPP/1R1R2K1 w - - 5 15,b4
964,r3rbk1/2p2p1p/1p3np1/pPn1p3/4P3/1PP1B1PP/3N1PB1/R2R2K1 w - - 0 23,Bf1
965,r3r1k1/1pp1qpp1/1bnpbn1p/p3p3/4P2B/2PP1N2/PPB1QPPP/R3KN1R w KQ - 2 13,Ne3
966,r1q2rk1/p3npb1/Rpp3pp/4p3/1PP1P3/4BN1P/2PQ1PP1/5RK1 w - - 3 17,Rfa1
967,r2q1rk1/pp1nbpp1/4bn1p/2pp4/3P3B/2NBP3/PP2NPPP/R2Q1RK1 w - - 0 11,Rc1
968,r2r4/p3qpkp/b1p2np1/1p2p3/2p1P1P1/3PQN1P/PPP1NP2/2KR3R w - - 0 16,dxc4
969,r4rk1/n1qnbppp/1p2p1b1/2PpP3/1P1N1P2/2P1B3/3NB1PP/R2Q1RK1 w - - 0 17,Rxa7
970,r2qkb1r/1p1n1ppp/4p3/p2B4/5B2/5Q1P/PPP3P1/2KR3R w kq - 0 15,Bxb7
971,r2qk1r1/1b1nbp2/ppn3Np/2ppPB2/3P4/2P2N2/PP4PP/R1BQ1RK1 w q - 1 15,Nf4
972,r2q1rk1/1pp2pp1/p1np1nbp/2b1p3/4P1P1/1BPP1N1P/PP2QP2/R1B1KN1R w KQ - 1 12,Ng3
973,3r1rk1/2pbb1pp/3q4/1p1p4/3N2n1/2P2N2/1PB2PPP/R2QR1K1 w - - 3 20,h3
974,5rk1/pp2b1p1/1nqNpp1p/4P3/2Pr3P/1P3Q2/P2B2P1/1K1R3R w - - 0 24,Nb5
975,8/1b6/p1pkp3/1p6/2p3B1/2N1K3/PP6/8 w - - 1 30,Ne4+
976,1r2r1k1/2qbbp1p/p2pp1p1/1p1nPP2/P2NB3/8/1PP1Q1PP/R4RBK b - - 0 20,exf5
977,2r2n2/4bk2/r1p1pp2/p6p/Pp1P1B2/1N4P1/1PR1KP1P/2R5 w - - 1 29,Nc5
978,5rk1/3b1pbp/rnqp2p1/np2P3/2p1P3/P1P1BN1P/B2N1PP1/RRQ3K1 b - - 0 21,dxe5
979,r2q1rk1/pb1n1ppp/4pn2/1P6/Nb1P1B2/1Q3N2/4BPPP/R4RK1 b - - 12 15,Nd5
980,k3r3/pp3Q2/7p/1q4p1/8/P4P2/1P4PP/1K5R w - - 0 27,h4
981,r4rk1/1bq1b1pp/p4n2/1pB1p1N1/2p1P3/2N5/PPB2PPP/R2Q1RK1 b - - 0 18,Bxc5
982,2rr2k1/5pp1/p2n1qp1/1p1Bp3/1Q6/4P1P1/PP3P1P/2RR2K1 w - - 9 27,a4
983,r3kb1r/1bq2ppp/p2ppn2/8/1n1NP1P1/2N1BP2/1PPQB2P/2KR3R b kq - 0 13,Be7
984,rn1q1rk1/1b3ppp/1p1b1n2/p1ppN3/3P4/P1NBP3/1P1B1PPP/R2Q1RK1 w - - 0 12,f4
985,2rqkb1r/1b1n1ppp/1n1pp3/1B6/4P1P1/1N2BP2/PPP2Q1P/2KR3R b k - 0 14,Bc6
986,r1b2rk1/1p1nqpb1/2ppn1p1/8/1PPNPPPp/2N4P/3QRBB1/3R2K1 w - - 1 24,Nf5
987,r2qk1nr/pp1b1ppp/2n5/1Bbp4/8/5N2/PPPN1PPP/R1BQK2R w KQkq - 0 8,Nb3
988,r3k2r/1ppbqp1p/p1p2n2/4p3/2N1P1p1/3PPN1P/PPP3P1/R2Q1RK1 w kq - 0 13,Nfxe5
989,3rk1nr/p2n1ppp/2p2q2/2p1p3/2B1P3/1QN5/PPP2PPP/3R1RK1 w k - 0 13,Qb7
990,rnbqkbnr/pp2pppp/3p4/2p5/4P3/5N2/PPPP1PPP/RNBQKB1R w KQkq - 0 3,c3
991,r1b1kb1r/2q1pp2/pp1p1np1/2pPn3/2P1P2p/2N1BPN1/PP1QB1PP/2R1K2R w Kkq - 0 13,Nf1
992,r4k2/3R1npp/p4p2/6P1/1P3p1P/4P3/1B6/6K1 w - - 0 27,gxf6
993,r4rk1/pb1nqppp/1pp1pn2/8/2PPp3/1P1B4/PB1NQPPP/R4RK1 w - - 0 13,Nxe4
994,r4rk1/1nqbbppp/p2p1n2/1p1Pp3/4P3/1PP2N1P/2BB1PP1/RN1QR1K1 w - - 3 16,b4
995,2rqnrk1/pp2bppp/2npb3/4p3/4P3/1PN1B1PP/P1P1NPB1/R2Q1RK1 w - - 1 13,Qd2
996,r1b1k2r/3nbppp/pqn1p3/1p1pP3/3P1P2/P4NN1/1P4PP/R1BQKB1R w KQkq - 1 12,h4
997,r3k2r/pp1nqppp/2p5/3nP3/3P4/2NB4/PP2Q1PP/R3K2R w KQkq - 1 16,Nxd5
998,2rr2k1/pp1qnpb1/3ppnpp/6B1/2P1P3/2NQ1P2/PP2N1PP/1R3R1K w - - 0 18,Bh4
999,r4r2/1p1nqpbk/2p3pp/p2pP3/P2P4/4B3/1P1QBPPP/R4RK1 w - - 0 18,f4
1000,r1bq1rk1/pp3pbp/nn4p1/2pP4/8/2N3PP/PP2NPB1/R1BQ1RK1 b - - 0 12,Nc4
1001,r1b2rk1/3nnpp1/1ppq3p/p7/3Pp3/P1NB4/1PQ1NPPP/3R1RK1 w - - 0 15,Nxe4
1002,r1b2r2/1p2npkp/p2q1np1/3p4/3P2P1/2NB1P2/PP1QN2P/3R1RK1 w - - 1 17,Qf4
1003,1k1rr3/p5p1/bp1qnpNp/2pp3P/3P2P1/P1N1PP2/1P3Q2/K2RR3 w - - 0 26,Nh4
1004,r1b2rk1/1p3p1p/1n1q2p1/p2Pp3/P2pPP2/1Q4P1/RP1N2BP/5RK1 b - - 0 18,f6
1005,r3r1k1/3n1p2/b2Rp2p/p3n1p1/1p1NP3/5PB1/PP4PP/1BR3K1 w - - 5 28,Nc6
1006,3qk2r/p2n1p1p/1r3p2/3p1b2/Qb1P2P1/2N2N2/P3PP1P/2R1KB1R b Kk - 3 13,Be4
1007,8/3n3k/3P2p1/1q3p1p/2NQ3P/6P1/5P2/6K1 w - - 0 48,Nd2
1008,r1b1k1nr/4bp1p/pq1pp1p1/Np6/4P3/3BB3/1PP1QPPP/R4RK1 b kq - 3 17,Qc7
1009,r1bqr1k1/pp3p1p/n2p2p1/2pPb3/4PB2/2NB3P/PP3PP1/R2QR1K1 w - - 0 14,Bxe5
1010,r1bqr1kb/1p3p1p/p2p1np1/P1pPn3/N3P3/3B1N1P/1P1B1PP1/R2QR1K1 w - - 1 16,Nxe5
1011,r4r1k/3qb2p/2p1bp2/2P1p3/1P1pP1p1/P6P/2Q1BPPB/R2R3K w - - 0 23,hxg4
1012,r4k2/3R1pp1/1pp4p/p3P3/5P2/1P3KPP/P7/8 w - - 0 31,Rb7
1013,2rr1bk1/1p3p1p/p3nP2/4P1P1/4N3/2PpB2P/P7/R3R1K1 w - - 5 30,Rad1
1014,4rr1k/pp3bp1/1bn5/3p1Q2/5qB1/P4N1P/1B3PP1/R2R2K1 b - - 0 30,Qxf5
1015,2n1k3/2r3pp/p3pn2/2P1N3/5R2/4N1PP/P4PK1/8 w - - 5 31,Rc4
1016,r2qr1k1/p5pp/2nb4/2p2p2/R3p3/BP5P/P2P1PPN/2RQ2K1 b - - 3 21,Ne5
1017,r2N1rk1/pppb1ppp/3p1n2/1B1n4/3P4/Q7/PPP2PPP/RNB2RK1 w - - 1 12,Bxd7
1018,1k1r1b1r/p1n1p1p1/1p2BnRp/2p2P2/3P4/3NP3/PP3P1P/R1B1K3 w Q - 0 22,Ne5
1019,r2qk2r/pp3ppp/4b3/3P1p2/4n3/B1P2N2/P4PPP/R2QR1K1 w kq - 3 16,dxe6
1020,r2q1rk1/4bppp/p2p1n2/npp1p2b/4P3/2PP1N1P/PPBN1PP1/R1BQR1K1 w - - 0 13,Nf1
1021,5rk1/2ppbppp/4q3/4P2P/4P2n/2P5/1P3PP1/1NBQR1K1 w - - 1 18,Bf4
1022,r2qk2r/pp2bp1p/1np2p2/3p3P/3P4/2NQP3/PP2NPP1/R3K2R w KQkq - 1 13,b3
1023,4rrk1/pp1q1p2/1bppbp1p/8/3PP3/1BPQ2N1/P4PPP/R4RK1 w - - 2 18,Nh5
1024,r3r1k1/p2b1pp1/1npBpn1p/R2p4/3P4/1PNBP3/1P3PPP/5RK1 w - - 2 16,Rfa1
1025,r1bqkb1r/ppp2ppp/5n2/3Pp1N1/2Bn4/8/PPPP1PPP/RNBQK2R w KQkq - 1 6,d6
1026,2r1r1k1/pbB3pp/1p2pb2/3p4/6nP/2PP2P1/PP3PB1/R3RNK1 w - - 1 20,Bf4
1027,2b1k2r/2r1pp2/p5p1/7p/1p1R3P/5P2/PPP3P1/1K3B1R b k - 0 24,a5
1028,r2q1rk1/5pb1/2n3pp/2p1p3/7P/3P2P1/PPQ1NP2/R1B2RK1 b - - 1 18,Rc8
1029,3r1rk1/p3pp2/2p1q1p1/2p4p/2P3n1/1P1PP1P1/PN2Q2P/R3R1K1 b - - 2 19,h4
1030,8/pk3pBp/1n6/2p1PP2/7P/5K2/3r4/R7 w - - 0 33,e6
1031,2b1k2r/4bp2/1p1p2p1/p2Pp1n1/P1P2Pq1/1Q4P1/1BR1R1B1/6K1 b k - 0 26,Nh3+
1032,1r4k1/3p1pp1/r1pP1nn1/p1P1p2p/Np2P3/1P1N1PP1/P6P/2R1K2R w K - 0 25,h4
1033,r4rk1/1p1Q1pp1/p1n1pb1p/q3p3/5P1P/2N2N2/PPP3P1/1K1R1B1R b - - 0 15,e4
1034,q4rk1/3nbppp/1rn1p3/3pP3/Q1pP2N1/P1P2N2/5PPP/R1B1R1K1 w - - 1 20,Qc2
1035,r1b2rk1/pp4b1/5n1p/2qp1pp1/P4P2/1NPB2P1/1P4P1/R2QNR1K b - - 1 19,Qe3
1036,r2q1rk1/pppb1pbp/2np1np1/3Pp3/4P3/2N1BP2/PPPQN1PP/2KR1B1R w - - 1 10,dxc6
1037,1rbq1rk1/3nbpp1/2n1p2p/p1ppP2P/1p6/3P1NP1/PPP2PBN/R1BQR1K1 w - - 0 14,Ng4
1038,r3r1n1/ppqn1pkp/2p1p1p1/4P1B1/2P5/2N1QR1P/PP3PP1/3R2K1 w - - 1 21,Rd6
1039,r1b1k1nr/p1pqnppp/1p1p4/1P6/3PP3/2N2N2/P4PPP/R1BQKB1R w KQkq - 3 11,Bc4
1040,r3k2r/pbppqppn/1pn1p2p/8/2PPPP2/2PB4/P1N1Q1PP/R1B2RK1 w kq - 1 13,c5
1041,r3rk2/ppp3pp/5np1/8/4n1P1/4B2P/PPP2PB1/2KR3R w - - 4 18,Rhe1
1042,rn2kb1r/ppp2ppp/5pb1/3p3P/3P4/2NBP3/PqP2PP1/R2QK1NR w KQkq - 0 9,hxg6
1043,r1q2rk1/ppB1pp2/4b1pp/n2N4/4P3/5N2/Pb2BPPP/R2Q1RK1 w - - 1 14,Nxe7+
1044,r1b2rk1/pp2n1pp/n4p2/2Pp3q/1P1N4/P4NP1/4PPBP/2RQ1RK1 w - - 7 16,b5
1045,rn2r3/1p1k1pbp/p2p2p1/2pP3n/2P2Bb1/2N2N2/PP3PPP/R2BR1K1 w - - 6 16,Rxe8
1046,r1b1kr2/1pp3qp/p3pnp1/3pN3/3P3P/4QB2/PPP2PP1/1K1R3R w q - 11 18,h5
1047,r2qnrk1/2p1bpp1/1p1p3p/p2Ppb2/2P1P3/2NQBP2/PP4PP/R3K2R w KQ - 0 14,exf5
1048,3r1rk1/p1p1qpbp/b5p1/4P3/1pP2P2/1PB3P1/4Q1BP/R3K2R w KQ - 0 19,Bb2
1049,r4r1k/1p2q1pp/pn1p4/2p5/2P1b3/1P3PN1/P5PP/R1Q2R1K w - - 0 25,Nxe4
1050,8/p1r2pk1/1p3npp/4R1b1/6P1/1BPP3P/P1K5/5R2 w - - 4 35,d4
1051,1r3rk1/2q1bppp/p2p4/4n1P1/Np2PBbP/8/PPPR1QB1/2K4R b - - 2 20,Rfc8
1052,5r2/p1R2p1p/kp4p1/3r4/1P1p3n/3R1PN1/1P3B1P/5K2 w - - 0 32,Ne2
1053,3rr1k1/p4pb1/1pnp1np1/1Np2q2/1PPPp1bp/4P1P1/PBNQ1PBP/R1R3K1 b - - 4 19,Bf3
1054,bqr2rk1/p3bppp/1p1p1n2/n2Pp3/4P3/1PN1BNPP/P4PB1/2RQR1K1 w - - 1 17,Nd2
1055,r1b1k2r/p1q1bppp/1p3n2/2p1p3/2P1P3/1P3Q2/P1B2PPP/RNB1R1K1 w kq - 1 13,Nc3
1056,5r2/pp5p/2pkr1p1/3p4/5P2/2PK2P1/PP5P/4RR2 w - - 2 29,Rxe6+
1057,2kr3r/p2qppb1/1pp1bn1p/4B1p1/1P2P3/P1NP1N1P/4QPP1/R4RK1 w - - 1 17,d4
1058,r1n1rbk1/1b2qp1p/p1pp2p1/8/4P3/1NN3B1/PP1Q1PPP/3RR1K1 w - - 4 18,Na5
1059,2rr1bk1/5p1p/p4pp1/1p6/3P4/P3PN2/1P3PPP/R1R3K1 w - - 1 20,Kf1
1060,r2qk2r/pp1n1p2/2p1p2p/8/3P2p1/2PQP1P1/P2N1PP1/R3K2R w KQkq - 0 16,Rb1
1061,1kbr1n1r/p1q5/n3pbp1/1Bpp3p/PP5P/2P1BN1Q/3N1PP1/2R1R1K1 w - - 4 22,Bxa6
1062,r5k1/pp1q1p1p/2p1b1p1/4P3/4B3/1PP1Q2P/P3rPP1/R5K1 w - - 0 21,Qxe2
1063,2kr3r/ppq1bpp1/1nppbn1p/8/2PP4/1PNB1N1P/P4PP1/R1BQR1K1 w - - 1 14,a4
1064,r2q1r1k/ppp1bp1p/5n2/3pnQ2/3P1B2/P1N1P2P/1P3PP1/R3K2R w KQ - 0 15,Bxe5
1065,r1bqr1k1/1p3pbp/1np1p1p1/p7/Pn1PN3/4PN1P/1P2BPPB/2RQ1RK1 w - - 2 16,Ne5
1066,r3nrk1/ppp1bpp1/3p3p/4Pq2/3Q1B1P/2N5/PPP2PP1/2KR3R w - - 2 14,Nd5
1067,r2n1rk1/3q1p2/2pp1p1p/pp1P4/1b2P1P1/5N1P/PP1N1P2/R2Q1RK1 w - - 0 19,Nd4
1068,5r2/2bk2pp/p7/2pn4/2NpR3/6P1/PP1B1P1P/6K1 w - - 1 23,b3
1069,1rb3k1/pp3ppp/8/2p1n3/8/3P2P1/PPP2PBP/R4RK1 w - - 0 18,Rfe1
1070,2r1r1k1/pp1b1p2/5q1p/3p2p1/1P1nn3/P3P1B1/1Q2BPPP/2R2RK1 w - - 0 21,exd4
1071,5r2/pp3kp1/2p5/P2p1n1p/5P2/1PPN2P1/7P/4R1K1 w - - 1 31,Ne5+
1072,2r3k1/5p1p/3b1Pp1/ppNPr3/1Pn5/P2R3P/2P3B1/3R2K1 b - - 1 33,a4
1073,rr4k1/3b2p1/p3pp2/2Rn3P/1P5R/P4P2/3B1P2/4KB2 w - - 0 22,Rd4
1074,4k2r/1b2bp2/p2pp1n1/1p2n1p1/2QNP1P1/P1N5/1PP2PB1/1KBR4 b - - 0 24,bxc4
